content_id,title,genre,release_date,language,duration_minutes,rating,production_studio
CONT000001,Lost Horizon,Action,2003-04-01,Hindi,153,6.2,Real Star Productions
CONT000002,Whispering Chronicles Returns,Sports,2003-02-18,Tamil,83,6.0,Universal Studios
CONT000003,Forgotten Justice Reloaded,Romance,2002-10-10,Spanish,72,9.8,Universal Studios
CONT000004,Frozen Prophecy Returns,Drama,2024-04-02,Hindi,206,3.8,Suresh Productions
CONT000005,Electric Symphony Unleashed,Sci-Fi,2016-09-14,Hindi,200,7.4,A24
CONT000006,Silent Alliance The Beginning,Documentary,2019-03-07,Japanese,179,6.3,Hombale Films
CONT000007,Sacred Voyage Reloaded,Sci-Fi,2003-09-03,Telugu,194,5.5,Lyca Productions
CONT000008,Scarlet Heart Part II,Comedy,2022-12-18,Spanish,102,7.8,Sony Pictures
CONT000009,Endless Throne,Comedy,2025-01-12,Japanese,147,7.3,Lionsgate
CONT000010,Emerald Justice,Comedy,2004-03-13,Telugu,181,7.3,Paramount Pictures
CONT000011,Silent Requiem,Romance,2019-12-28,Telugu,158,9.0,Geetha Arts
CONT000012,Shadow Heart,Romance,2005-04-02,French,75,3.0,Toei Animation
CONT000013,Eternal Requiem Returns,Kids,2003-08-13,Kannada,174,4.6,Studio Ghibli
CONT000014,Savage Horizon,Documentary,2012-06-27,Spanish,151,7.1,Mythri Movie Makers
CONT000015,Final Horizon Reloaded,Sci-Fi,2010-06-19,English,184,8.5,Yash Raj Films
CONT000016,Midnight Voyage Returns,Documentary,2016-07-24,Japanese,92,7.2,Marvel Studios
CONT000017,Distant Destiny,Action,2020-06-25,Spanish,161,4.6,20th Century Studios
CONT000018,Emerald Destiny,Sci-Fi,2003-01-08,Tamil,172,2.5,Lyca Productions
CONT000019,Distant Kingdom Unleashed,Drama,2024-01-26,Hindi,153,6.5,Paramount Pictures
CONT000020,Radiant Chronicles,Drama,2011-04-25,Japanese,214,4.3,20th Century Studios
CONT000021,Crimson Prophecy,Kids,2021-07-19,French,139,1.8,20th Century Studios
CONT000022,Scarlet Empire,Kids,2007-03-30,English,112,9.6,Marvel Studios
CONT000023,Sacred Horizon,Action,2023-09-09,Telugu,224,8.8,Amazon Studios
CONT000024,Radiant Odyssey,Drama,2015-12-15,Tamil,196,5.9,Marvel Studios
CONT000025,Lost Destiny Reloaded,Sci-Fi,2017-12-21,Tamil,111,5.7,Geetha Arts
CONT000026,Scarlet Warriors,Thriller,2021-03-08,Telugu,109,7.2,Geetha Arts
CONT000027,Iron Mirage,Anime,2016-05-10,Hindi,116,1.9,KVN Productions
CONT000028,Hidden Empire Unleashed,Romance,2000-02-01,French,227,4.1,MGM Studios
CONT000029,Golden Vendetta,Sports,2008-12-09,French,105,4.9,MGM Studios
CONT000030,Lost Dreams,Sports,2020-10-10,Spanish,81,7.5,Yash Raj Films
CONT000031,Eternal Warriors Returns,Drama,2021-04-11,Japanese,99,5.9,Sony Pictures
CONT000032,Shadow Warriors,Comedy,2023-08-15,Kannada,171,9.9,Dharma Productions
CONT000033,Forgotten Prophecy Origins,Sci-Fi,2013-02-20,Tamil,210,3.9,Legendary Pictures
CONT000034,Fallen Vendetta The Beginning,Anime,2020-07-20,Spanish,188,2.2,Sony Pictures
CONT000035,Whispering Echoes Returns,Drama,2000-03-05,Kannada,104,2.3,Lionsgate
CONT000036,Scarlet Legacy,Anime,2023-04-02,French,87,8.9,Universal Studios
CONT000037,Final Chronicles Part II,Documentary,2020-04-13,English,76,5.0,Lionsgate
CONT000038,Whispering Alliance,Thriller,2020-04-16,French,189,9.5,Amazon Studios
CONT000039,Whispering Genesis,Thriller,2025-02-05,Tamil,174,2.2,20th Century Studios
CONT000040,Wild Heart,Sci-Fi,2019-03-19,Hindi,114,7.0,Toho Studios
CONT000041,Crimson Genesis,Anime,2006-05-31,Telugu,95,9.7,T-Series Films
CONT000042,Emerald Symphony,Sci-Fi,2007-03-30,Spanish,191,4.6,AVM Productions
CONT000043,Hidden Secrets,Anime,2000-11-15,Japanese,201,5.1,Amazon Studios
CONT000044,Shadow Storm,Romance,2013-04-02,Hindi,88,9.9,Toho Studios
CONT000045,Final Genesis Origins,Thriller,2001-10-10,Kannada,129,7.8,Suresh Productions
CONT000046,Fallen Prophecy,Thriller,2018-03-18,Kannada,197,9.3,A24
CONT000047,Emerald Reckoning,Thriller,2002-07-31,Kannada,168,9.1,Studio Ghibli
CONT000048,Shadow Destiny Origins,Comedy,2009-12-22,Hindi,127,8.8,Hombale Films
CONT000049,Shadow Empire,Sports,2012-01-06,Kannada,71,5.7,T-Series Films
CONT000050,Crimson Symphony Reloaded,Sci-Fi,2013-12-29,Telugu,195,7.8,Toei Animation
CONT000051,Iron Echoes,Thriller,2015-07-26,English,124,1.3,Warner Bros Pictures
CONT000052,Scarlet Echoes,Sci-Fi,2023-01-25,French,122,9.4,20th Century Studios
CONT000053,Electric Vendetta,Kids,2024-06-27,Spanish,189,3.8,Dharma Productions
CONT000054,Final Empire The Beginning,Drama,2018-02-25,Japanese,73,8.5,Warner Bros Pictures
CONT000055,Golden Destiny,Thriller,2019-04-28,Kannada,74,1.8,Suresh Productions
CONT000056,Wild Prophecy,Thriller,2010-11-12,Telugu,71,5.1,Yash Raj Films
CONT000057,Midnight Heart Origins,Anime,2024-07-16,Japanese,122,1.3,Prithvi Productions
CONT000058,Rising Chronicles,Action,2015-01-16,Spanish,81,5.3,Marvel Studios
CONT000059,Ancient Chronicles Part II,Comedy,2011-11-07,Hindi,96,4.6,Universal Studios
CONT000060,Wild Warriors The Beginning,Sci-Fi,2003-10-16,Kannada,228,9.0,Toho Studios
CONT000061,Savage Alliance,Anime,2022-03-02,Kannada,132,7.5,MGM Studios
CONT000062,Eternal Kingdom,Documentary,2019-04-03,Kannada,194,7.8,A24
CONT000063,Forgotten Vendetta,Romance,2010-04-25,Hindi,67,1.4,MGM Studios
CONT000064,Sacred Legacy,Kids,2025-01-19,English,220,1.2,Legendary Pictures
CONT000065,Electric Rebellion,Action,2020-06-30,Hindi,188,9.1,Paramount Pictures
CONT000066,Electric Echoes The Beginning,Kids,2011-04-24,Hindi,127,3.1,Gaumont Film Company
CONT000067,Hidden Rebellion,Kids,2022-02-26,Spanish,79,5.3,Netflix Originals Studio
CONT000068,Rising Sanctuary The Beginning,Sci-Fi,2003-06-23,Kannada,144,3.3,Studio Canal
CONT000069,Velvet Voyage,Drama,2000-07-23,French,75,5.4,Netflix Originals Studio
CONT000070,Crimson Reckoning Returns,Thriller,2023-03-03,Telugu,178,5.2,Gaumont Film Company
CONT000071,Rising Dreams,Action,2012-12-27,French,79,8.4,Hombale Films
CONT000072,Midnight Storm Reloaded,Comedy,2004-01-19,Kannada,194,3.4,Geetha Arts
CONT000073,Eternal Alliance,Documentary,2012-07-16,Hindi,240,4.3,KVN Productions
CONT000074,Savage Genesis,Action,2007-02-19,English,185,7.1,Mythri Movie Makers
CONT000075,Rising Requiem Origins,Sports,2014-03-06,Hindi,144,1.0,Gaumont Film Company
CONT000076,Lost Vendetta,Sci-Fi,2000-07-11,Telugu,124,4.3,Mythri Movie Makers
CONT000077,Sacred Wonderland,Thriller,2002-03-01,Telugu,86,1.5,Netflix Originals Studio
CONT000078,Rising Destiny,Sci-Fi,2011-12-02,Spanish,190,3.8,Gaumont Film Company
CONT000079,Sacred Mirage,Action,2017-12-11,Tamil,80,1.4,Studio Canal
CONT000080,Fallen Heart,Drama,2012-11-02,French,72,9.2,Legendary Pictures
CONT000081,Eternal Symphony,Anime,2012-08-21,Telugu,125,7.7,MGM Studios
CONT000082,Midnight Storm,Thriller,2021-09-03,Spanish,90,2.5,Yash Raj Films
CONT000083,Golden Chronicles,Kids,2024-09-08,Tamil,175,9.2,Gaumont Film Company
CONT000084,Iron Path Reloaded,Sci-Fi,2004-01-26,Kannada,147,6.0,Lyca Productions
CONT000085,Final Secrets Unleashed,Sci-Fi,2000-11-25,Spanish,158,4.7,Marvel Studios
CONT000086,Hidden Storm Part II,Kids,2012-06-12,Japanese,92,7.2,Marvel Studios
CONT000087,Ancient Mirage,Sci-Fi,2004-02-26,Telugu,123,4.5,MGM Studios
CONT000088,Iron Path,Action,2005-09-15,English,168,7.4,Prithvi Productions
CONT000089,Restless Throne,Kids,2000-01-03,Hindi,160,9.4,Real Star Productions
CONT000090,Forgotten Echoes,Kids,2011-02-22,Hindi,117,2.4,Marvel Studios
CONT000091,Electric Legacy,Kids,2003-10-24,English,60,8.0,T-Series Films
CONT000092,Burning Wonderland The Beginning,Thriller,2005-09-27,Telugu,195,6.7,Amazon Studios
CONT000093,Silver Legacy Origins,Documentary,2008-08-06,Spanish,126,3.0,Lionsgate
CONT000094,Iron Odyssey,Sci-Fi,2021-04-27,Tamil,200,3.2,AVM Productions
CONT000095,Velvet Destiny,Action,2008-09-15,French,232,6.8,Paramount Pictures
CONT000096,Midnight Rebellion,Anime,2010-03-04,French,68,7.3,Amazon Studios
CONT000097,Fallen Secrets,Sci-Fi,2000-04-20,Telugu,189,1.6,KVN Productions
CONT000098,Hidden Voyage,Sci-Fi,2010-05-09,French,116,3.4,Prithvi Productions
CONT000099,Rising Legacy,Kids,2008-05-26,Tamil,184,4.8,Netflix Originals Studio
CONT000100,Silent Alliance Returns,Action,2009-07-20,English,212,2.3,Universal Studios
CONT000101,Velvet Kingdom Returns,Anime,2005-01-28,Hindi,102,4.0,Yash Raj Films
CONT000102,Ancient Wonderland,Kids,2001-06-06,Telugu,230,7.5,Suresh Productions
CONT000103,Sacred Empire,Comedy,2000-02-17,Hindi,131,1.7,AVM Productions
CONT000104,Savage Legacy,Sci-Fi,2017-01-19,Japanese,139,8.4,AVM Productions
CONT000105,Golden Kingdom,Sci-Fi,2016-09-19,French,109,3.9,Studio Canal
CONT000106,Savage Throne Returns,Sci-Fi,2018-02-26,English,156,1.3,Paramount Pictures
CONT000107,Restless Wonderland Reloaded,Comedy,2015-03-18,Japanese,129,4.0,Lionsgate
CONT000108,Silent Odyssey,Anime,2012-05-12,Telugu,60,7.5,Lionsgate
CONT000109,Endless Mirage,Comedy,2001-02-01,Tamil,87,5.3,Hombale Films
CONT000110,Silver Storm,Sports,2022-02-19,Kannada,187,2.6,Toho Studios
CONT000111,Endless Requiem,Drama,2010-08-04,Japanese,141,5.1,Toho Studios
CONT000112,Restless Alliance Reloaded,Sports,2007-03-05,Tamil,164,1.6,Universal Studios
CONT000113,Emerald Fury,Drama,2019-02-18,Hindi,78,3.4,Paramount Pictures
CONT000114,Hidden Legacy,Kids,2007-10-08,Tamil,94,4.8,Lionsgate
CONT000115,Savage Frontier Unleashed,Comedy,2013-03-08,Telugu,131,6.1,Geetha Arts
CONT000116,Midnight Requiem Returns,Sci-Fi,2008-05-01,Tamil,120,2.4,Prithvi Productions
CONT000117,Endless Justice Part II,Sports,2011-04-16,Tamil,189,5.7,MGM Studios
CONT000118,Restless Legacy,Action,2004-08-03,English,181,8.9,T-Series Films
CONT000119,Forgotten Heart,Action,2013-03-04,Tamil,90,1.5,Lionsgate
CONT000120,Forgotten Justice Part II,Anime,2022-12-30,Kannada,174,6.4,Gaumont Film Company
CONT000121,Silver Frontier,Comedy,2015-09-08,Tamil,69,4.3,Sony Pictures
CONT000122,Silent Chronicles,Action,2009-02-15,English,143,4.7,Geetha Arts
CONT000123,Broken Alliance,Sci-Fi,2001-05-30,French,200,5.4,AVM Productions
CONT000124,Crimson Mirage,Documentary,2006-12-07,Hindi,227,2.5,Amazon Studios
CONT000125,Midnight Path,Thriller,2018-09-28,English,139,7.7,Prithvi Productions
CONT000126,Sacred Path,Anime,2008-11-04,Spanish,163,2.8,Warner Bros Pictures
CONT000127,Fallen Genesis Part II,Comedy,2018-03-22,Japanese,177,8.0,Sony Pictures
CONT000128,Shadow Kingdom,Sports,2003-12-29,Japanese,189,2.5,Geetha Arts
CONT000129,Rising Symphony,Comedy,2004-11-17,Spanish,185,7.8,Toho Studios
CONT000130,Restless Chronicles,Action,2021-08-27,Japanese,73,6.5,MGM Studios
CONT000131,Wild Dreams,Romance,2007-03-10,Tamil,218,4.6,Vyjayanthi Movies
CONT000132,Hidden Vendetta,Romance,2009-10-13,English,162,9.4,Yash Raj Films
CONT000133,Wild Secrets Reloaded,Sci-Fi,2001-11-04,English,230,8.5,20th Century Studios
CONT000134,Wild Alliance,Thriller,2018-11-04,Telugu,209,3.2,Mythri Movie Makers
CONT000135,Electric Secrets,Kids,2008-01-07,English,60,6.6,KVN Productions
CONT000136,Iron Rebellion,Romance,2020-07-22,Kannada,181,4.6,Paramount Pictures
CONT000137,Eternal Secrets,Comedy,2019-10-29,English,70,6.7,Paramount Pictures
CONT000138,Scarlet Echoes Unleashed,Sports,2006-02-09,English,76,10.0,Studio Canal
CONT000139,Velvet Vendetta Reloaded,Kids,2012-11-29,Kannada,235,8.1,Real Star Productions
CONT000140,Final Dreams,Romance,2011-04-25,Kannada,142,9.1,Studio Ghibli
CONT000141,Savage Vendetta,Thriller,2022-07-12,French,113,6.3,Lionsgate
CONT000142,Whispering Rebellion,Action,2008-12-03,Kannada,163,2.5,Real Star Productions
CONT000143,Midnight Frontier,Sports,2007-07-27,Telugu,89,7.9,Universal Studios
CONT000144,Ancient Prophecy,Kids,2024-11-26,Hindi,124,9.9,MGM Studios
CONT000145,Radiant Storm,Anime,2011-11-16,Spanish,154,6.2,Geetha Arts
CONT000146,Lost Sanctuary Reloaded,Drama,2002-03-02,Telugu,192,3.3,MGM Studios
CONT000147,Radiant Justice,Anime,2000-01-30,English,116,2.3,Lionsgate
CONT000148,Ancient Path,Anime,2002-02-21,Kannada,185,3.0,MGM Studios
CONT000149,Silent Warriors Unleashed,Anime,2013-08-16,Hindi,193,4.2,T-Series Films
CONT000150,Fallen Justice,Drama,2009-02-27,Japanese,219,8.5,Yash Raj Films
CONT000151,Eternal Warriors,Sci-Fi,2006-09-12,French,84,1.6,Sony Pictures
CONT000152,Radiant Frontier,Sports,2011-11-08,English,74,6.8,Legendary Pictures
CONT000153,Savage Secrets,Romance,2019-11-27,French,123,2.5,Warner Bros Pictures
CONT000154,Silent Kingdom,Sports,2008-04-29,Tamil,100,1.5,Gaumont Film Company
CONT000155,Crimson Warriors,Sci-Fi,2006-05-19,Spanish,111,5.7,MGM Studios
CONT000156,Whispering Destiny,Romance,2007-11-01,Telugu,76,3.7,Universal Studios
CONT000157,Savage Requiem,Documentary,2000-04-14,Spanish,171,7.7,Hombale Films
CONT000158,Golden Requiem,Drama,2010-02-18,Hindi,126,3.1,Universal Studios
CONT000159,Crimson Empire,Thriller,2002-05-10,Telugu,222,6.0,AVM Productions
CONT000160,Electric Mirage,Thriller,2013-04-05,Tamil,81,8.9,Warner Bros Pictures
CONT000161,Broken Odyssey,Sci-Fi,2007-02-21,Japanese,109,8.9,Lyca Productions
CONT000162,Distant Rebellion,Documentary,2021-01-22,French,195,7.3,Vyjayanthi Movies
CONT000163,Shadow Path,Sci-Fi,2025-08-01,Telugu,114,4.5,A24
CONT000164,Golden Justice,Drama,2001-06-23,English,88,2.0,Real Star Productions
CONT000165,Broken Secrets,Action,2001-05-20,English,95,7.2,MGM Studios
CONT000166,Silent Reckoning Part II,Comedy,2016-04-20,Tamil,196,9.0,Paramount Pictures
CONT000167,Savage Prophecy,Sports,2004-10-20,Tamil,112,2.8,Universal Studios
CONT000168,Silent Prophecy,Comedy,2012-11-21,French,85,2.2,Toho Studios
CONT000169,Silver Destiny Origins,Anime,2019-01-03,Telugu,65,4.2,Real Star Productions
CONT000170,Rising Kingdom,Anime,2014-05-23,French,133,6.6,Warner Bros Pictures
CONT000171,Restless Path Unleashed,Comedy,2015-07-22,French,240,1.4,A24
CONT000172,Hidden Reckoning,Comedy,2025-10-09,Telugu,103,4.9,Marvel Studios
CONT000173,Silent Warriors,Comedy,2022-01-17,Kannada,186,6.3,Suresh Productions
CONT000174,Whispering Odyssey,Drama,2012-09-22,Tamil,239,3.1,Yash Raj Films
CONT000175,Crimson Destiny,Kids,2025-03-05,Hindi,220,3.9,20th Century Studios
CONT000176,Wild Wonderland,Comedy,2018-12-08,English,155,2.9,Studio Ghibli
CONT000177,Fallen Genesis,Drama,2017-01-05,Tamil,177,2.1,Lionsgate
CONT000178,Silver Reckoning,Action,2015-08-19,Japanese,193,2.4,Suresh Productions
CONT000179,Iron Frontier,Anime,2007-08-09,French,172,7.2,Studio Ghibli
CONT000180,Burning Rebellion Returns,Sci-Fi,2022-10-10,Tamil,128,3.7,Amazon Studios
CONT000181,Scarlet Horizon,Anime,2023-06-04,Japanese,101,3.1,Dharma Productions
CONT000182,Midnight Requiem,Drama,2004-07-23,Tamil,158,2.4,Sony Pictures
CONT000183,Restless Voyage,Sports,2012-04-13,Tamil,87,6.7,20th Century Studios
CONT000184,Midnight Chronicles,Kids,2001-07-09,English,162,8.7,AVM Productions
CONT000185,Velvet Rebellion,Thriller,2020-10-12,English,96,3.3,Studio Canal
CONT000186,Wild Warriors,Sports,2025-09-30,Spanish,118,7.0,MGM Studios
CONT000187,Velvet Justice,Drama,2005-07-28,French,170,3.8,MGM Studios
CONT000188,Velvet Legacy,Sci-Fi,2017-12-12,Kannada,124,8.6,KVN Productions
CONT000189,Iron Warriors,Sports,2023-04-01,Kannada,227,4.0,Warner Bros Pictures
CONT000190,Wild Vendetta,Comedy,2001-09-16,Telugu,199,3.0,Amazon Studios
CONT000191,Frozen Chronicles,Documentary,2000-09-20,Japanese,193,4.1,Studio Canal
CONT000192,Iron Chronicles,Drama,2017-08-09,Hindi,217,4.2,Universal Studios
CONT000193,Midnight Odyssey,Action,2000-08-06,Hindi,167,9.2,MGM Studios
CONT000194,Velvet Frontier,Thriller,2004-11-25,Tamil,137,7.7,Marvel Studios
CONT000195,Final Mirage,Kids,2009-07-05,Kannada,93,9.4,Paramount Pictures
CONT000196,Restless Mirage,Kids,2025-03-18,Tamil,97,4.2,MGM Studios
CONT000197,Silver Fury,Kids,2015-11-30,Tamil,128,7.3,Netflix Originals Studio
CONT000198,Emerald Warriors,Thriller,2016-01-22,Tamil,227,3.7,KVN Productions
CONT000199,Emerald Path,Comedy,2016-04-04,Kannada,137,8.7,Universal Studios
CONT000200,Lost Mirage,Documentary,2015-06-25,English,228,1.1,Paramount Pictures
CONT000201,Ancient Voyage Part II,Romance,2006-05-27,Tamil,107,8.0,Geetha Arts
CONT000202,Restless Horizon Returns,Documentary,2007-07-14,Hindi,231,9.1,Legendary Pictures
CONT000203,Restless Destiny,Sci-Fi,2022-03-07,Tamil,195,1.7,Suresh Productions
CONT000204,Frozen Legacy Reloaded,Drama,2021-03-24,French,202,1.5,Hombale Films
CONT000205,Final Throne Unleashed,Action,2007-03-12,Japanese,179,7.3,KVN Productions
CONT000206,Electric Voyage,Anime,2019-02-06,Spanish,233,1.7,MGM Studios
CONT000207,Sacred Destiny,Action,2002-01-21,Japanese,84,5.6,KVN Productions
CONT000208,Silver Genesis Reloaded,Sports,2005-09-10,Japanese,84,8.8,Geetha Arts
CONT000209,Lost Throne,Documentary,2009-06-14,Telugu,171,4.1,Studio Ghibli
CONT000210,Frozen Kingdom,Thriller,2015-12-07,French,163,4.0,Studio Ghibli
CONT000211,Radiant Echoes,Sci-Fi,2022-01-29,Hindi,144,2.7,Amazon Studios
CONT000212,Rising Horizon,Comedy,2001-10-18,Spanish,201,9.0,Legendary Pictures
CONT000213,Burning Kingdom,Comedy,2000-04-11,English,108,8.4,KVN Productions
CONT000214,Distant Sanctuary,Documentary,2024-05-21,Spanish,217,2.3,Netflix Originals Studio
CONT000215,Velvet Reckoning,Comedy,2009-07-13,English,230,6.7,MGM Studios
CONT000216,Silver Symphony Reloaded,Action,2018-11-29,Hindi,227,1.1,Vyjayanthi Movies
CONT000217,Forgotten Horizon,Documentary,2011-07-29,Telugu,107,4.8,Lyca Productions
CONT000218,Burning Wonderland,Kids,2025-06-16,English,90,8.0,AVM Productions
CONT000219,Burning Reckoning,Kids,2003-01-06,English,234,4.5,A24
CONT000220,Electric Horizon,Sports,2024-08-13,Hindi,81,6.8,Dharma Productions
CONT000221,Fallen Warriors The Beginning,Comedy,2003-12-15,Tamil,91,2.2,Warner Bros Pictures
CONT000222,Iron Requiem,Action,2016-05-30,Kannada,81,3.6,Legendary Pictures
CONT000223,Velvet Throne,Thriller,2002-05-12,English,62,1.5,Prithvi Productions
CONT000224,Ancient Frontier,Comedy,2017-06-12,Telugu,139,7.6,Yash Raj Films
CONT000225,Radiant Vendetta,Action,2014-03-09,Japanese,207,7.5,KVN Productions
CONT000226,Electric Symphony Part II,Anime,2007-05-11,Spanish,182,4.5,Toho Studios
CONT000227,Burning Empire Part II,Romance,2014-11-23,English,98,6.4,Toei Animation
CONT000228,Burning Path,Sci-Fi,2016-11-23,Spanish,235,4.4,Gaumont Film Company
CONT000229,Savage Rebellion,Thriller,2000-01-28,Japanese,127,3.4,Yash Raj Films
CONT000230,Savage Mirage Reloaded,Romance,2006-08-05,Telugu,200,7.2,Real Star Productions
CONT000231,Emerald Secrets,Documentary,2024-11-01,French,157,2.8,Gaumont Film Company
CONT000232,Scarlet Wonderland,Thriller,2002-08-01,Spanish,179,7.4,Real Star Productions
CONT000233,Midnight Justice,Sports,2020-08-15,Hindi,197,8.3,Gaumont Film Company
CONT000234,Golden Rebellion,Documentary,2011-08-23,Japanese,182,5.6,Dharma Productions
CONT000235,Hidden Chronicles Reloaded,Thriller,2016-04-10,Japanese,163,8.0,Vyjayanthi Movies
CONT000236,Eternal Rebellion Returns,Anime,2004-10-04,Japanese,221,5.2,Paramount Pictures
CONT000237,Eternal Empire,Anime,2012-08-01,English,84,1.3,Vyjayanthi Movies
CONT000238,Burning Chronicles Origins,Sports,2004-05-10,French,211,8.4,Sony Pictures
CONT000239,Midnight Vendetta Reloaded,Drama,2016-12-18,Hindi,67,1.5,Legendary Pictures
CONT000240,Sacred Prophecy,Kids,2002-11-17,Spanish,90,7.4,Paramount Pictures
CONT000241,Midnight Empire,Comedy,2022-09-20,Spanish,106,5.0,Yash Raj Films
CONT000242,Sacred Rebellion,Sci-Fi,2007-09-21,English,125,9.5,Universal Studios
CONT000243,Savage Fury,Action,2011-07-27,French,74,1.9,Lyca Productions
CONT000244,Silver Warriors,Thriller,2019-10-17,Hindi,180,3.9,Studio Ghibli
CONT000245,Wild Legacy,Sports,2007-07-24,French,121,8.3,Real Star Productions
CONT000246,Electric Genesis The Beginning,Sci-Fi,2001-08-13,Kannada,116,1.7,Lionsgate
CONT000247,Radiant Secrets,Drama,2020-01-23,Hindi,158,8.6,MGM Studios
CONT000248,Golden Heart,Anime,2010-06-28,French,89,6.7,Sony Pictures
CONT000249,Lost Rebellion,Drama,2020-03-31,Kannada,172,8.8,Studio Ghibli
CONT000250,Fallen Path Part II,Thriller,2025-08-12,Telugu,145,8.2,Studio Ghibli
CONT000251,Emerald Legacy,Kids,2005-02-13,Kannada,191,1.5,Prithvi Productions
CONT000252,Restless Frontier,Documentary,2021-06-01,Telugu,90,3.3,Dharma Productions
CONT000253,Final Wonderland Returns,Thriller,2018-08-23,Kannada,74,8.5,Toei Animation
CONT000254,Eternal Destiny Unleashed,Anime,2022-11-29,Kannada,173,1.0,Suresh Productions
CONT000255,Whispering Voyage Returns,Action,2018-05-06,Tamil,130,6.1,Sony Pictures
CONT000256,Forgotten Symphony,Sci-Fi,2007-11-17,Tamil,213,1.7,Paramount Pictures
CONT000257,Silver Odyssey Reloaded,Romance,2008-08-14,Telugu,111,1.1,Amazon Studios
CONT000258,Scarlet Wonderland Origins,Anime,2012-08-21,French,83,1.1,Real Star Productions
CONT000259,Silver Throne The Beginning,Thriller,2011-02-20,Kannada,204,8.5,Geetha Arts
CONT000260,Silent Symphony,Romance,2000-03-17,Japanese,193,9.4,Marvel Studios
CONT000261,Golden Legacy,Sci-Fi,2014-05-25,Spanish,207,7.8,Universal Studios
CONT000262,Rising Prophecy The Beginning,Kids,2020-01-10,English,195,8.2,Sony Pictures
CONT000263,Shadow Rebellion,Sci-Fi,2008-03-07,Kannada,86,3.8,Legendary Pictures
CONT000264,Forgotten Warriors The Beginning,Sci-Fi,2011-09-23,English,213,6.7,Hombale Films
CONT000265,Crimson Secrets,Drama,2002-01-10,Telugu,91,5.2,A24
CONT000266,Whispering Sanctuary Part II,Comedy,2018-03-13,Kannada,198,6.3,Vyjayanthi Movies
CONT000267,Final Horizon,Kids,2017-10-16,Kannada,64,9.4,Mythri Movie Makers
CONT000268,Velvet Path,Romance,2023-07-30,English,161,9.7,Universal Studios
CONT000269,Silver Secrets,Sci-Fi,2015-01-11,Spanish,204,8.2,Real Star Productions
CONT000270,Eternal Frontier,Sci-Fi,2018-12-08,English,153,2.0,Yash Raj Films
CONT000271,Golden Empire,Documentary,2000-12-07,Tamil,95,4.8,Mythri Movie Makers
CONT000272,Silver Wonderland,Action,2001-10-21,English,224,6.6,Real Star Productions
CONT000273,Electric Alliance Unleashed,Action,2004-07-04,Telugu,91,5.7,AVM Productions
CONT000274,Final Kingdom Origins,Anime,2007-06-28,Hindi,75,6.3,Real Star Productions
CONT000275,Whispering Genesis Returns,Romance,2023-12-12,Kannada,172,2.1,Sony Pictures
CONT000276,Savage Voyage,Romance,2012-12-06,Telugu,122,7.6,Studio Canal
CONT000277,Frozen Voyage,Romance,2025-07-29,Tamil,226,4.5,Legendary Pictures
CONT000278,Velvet Secrets,Documentary,2013-08-15,French,180,8.4,Warner Bros Pictures
CONT000279,Final Empire Unleashed,Documentary,2017-03-09,Spanish,63,9.3,Yash Raj Films
CONT000280,Radiant Rebellion,Anime,2022-01-16,Telugu,132,8.9,Dharma Productions
CONT000281,Broken Fury Origins,Kids,2002-10-13,Spanish,172,4.2,Gaumont Film Company
CONT000282,Crimson Echoes The Beginning,Drama,2018-09-11,Japanese,231,4.2,Netflix Originals Studio
CONT000283,Hidden Alliance,Thriller,2023-03-24,Hindi,181,3.4,MGM Studios
CONT000284,Eternal Path,Action,2018-05-30,Hindi,187,4.6,A24
CONT000285,Midnight Prophecy,Comedy,2017-01-09,French,237,5.1,Studio Canal
CONT000286,Sacred Voyage,Documentary,2024-11-28,Spanish,225,3.9,Toho Studios
CONT000287,Scarlet Prophecy,Sports,2019-12-02,Telugu,107,5.8,Toho Studios
CONT000288,Burning Rebellion Origins,Anime,2010-11-19,Japanese,112,9.7,Prithvi Productions
CONT000289,Endless Warriors Origins,Romance,2022-04-23,Telugu,197,8.0,Legendary Pictures
CONT000290,Distant Path,Documentary,2019-04-17,Spanish,178,4.2,Lionsgate
CONT000291,Shadow Frontier Reloaded,Comedy,2018-05-15,Japanese,188,4.6,Legendary Pictures
CONT000292,Endless Justice Reloaded,Sports,2021-10-31,Spanish,172,7.9,Prithvi Productions
CONT000293,Burning Empire,Comedy,2007-08-29,Japanese,141,4.3,Paramount Pictures
CONT000294,Forgotten Voyage,Comedy,2013-03-24,Japanese,190,9.0,AVM Productions
CONT000295,Ancient Symphony,Documentary,2009-04-27,Tamil,165,2.6,MGM Studios
CONT000296,Burning Alliance Unleashed,Action,2018-06-15,English,60,3.8,Amazon Studios
CONT000297,Frozen Warriors,Sports,2004-06-01,English,231,1.3,Yash Raj Films
CONT000298,Emerald Sanctuary,Thriller,2023-11-03,Kannada,207,2.8,Lionsgate
CONT000299,Crimson Horizon Unleashed,Comedy,2001-04-20,Hindi,79,2.5,Marvel Studios
CONT000300,Emerald Vendetta,Sports,2002-10-14,English,235,7.9,Lyca Productions
CONT000301,Eternal Reckoning Origins,Drama,2001-06-22,Telugu,220,1.9,Prithvi Productions
CONT000302,Burning Dreams,Kids,2017-04-19,English,73,3.0,Mythri Movie Makers
CONT000303,Burning Sanctuary,Kids,2002-06-13,Tamil,123,3.0,Yash Raj Films
CONT000304,Endless Justice,Anime,2000-04-10,French,137,4.8,Studio Ghibli
CONT000305,Savage Throne,Comedy,2010-11-24,Spanish,232,7.5,T-Series Films
CONT000306,Fallen Voyage,Kids,2001-01-02,Tamil,82,2.6,Geetha Arts
CONT000307,Wild Symphony Origins,Sports,2025-03-10,Japanese,89,4.0,Vyjayanthi Movies
CONT000308,Wild Empire,Comedy,2005-07-12,Spanish,149,6.0,Mythri Movie Makers
CONT000309,Hidden Heart Reloaded,Sports,2001-07-26,Telugu,230,1.2,Toho Studios
CONT000310,Eternal Rebellion,Comedy,2008-10-21,Telugu,199,8.5,Sony Pictures
CONT000311,Frozen Heart,Sci-Fi,2007-02-21,Japanese,150,2.9,Mythri Movie Makers
CONT000312,Wild Destiny,Sci-Fi,2013-05-02,French,189,2.8,Vyjayanthi Movies
CONT000313,Iron Frontier The Beginning,Thriller,2019-10-02,Japanese,196,3.2,Lionsgate
CONT000314,Whispering Chronicles Part II,Documentary,2004-02-07,Telugu,158,1.3,Amazon Studios
CONT000315,Burning Horizon,Sports,2003-11-10,Kannada,119,3.9,Netflix Originals Studio
CONT000316,Savage Legacy Origins,Documentary,2013-04-27,Tamil,76,7.5,Paramount Pictures
CONT000317,Final Voyage The Beginning,Sports,2012-08-31,Japanese,163,8.6,Hombale Films
CONT000318,Silver Destiny,Drama,2012-05-27,Kannada,67,4.3,Toho Studios
CONT000319,Electric Reckoning,Sports,2001-02-17,French,123,10.0,Mythri Movie Makers
CONT000320,Sacred Genesis,Drama,2013-01-27,Hindi,129,9.2,Studio Canal
CONT000321,Final Reckoning,Sports,2001-10-17,Kannada,170,2.8,Toei Animation
CONT000322,Eternal Storm,Documentary,2013-12-12,Kannada,204,8.6,A24
CONT000323,Endless Path,Romance,2015-08-28,English,88,8.5,Gaumont Film Company
CONT000324,Ancient Voyage,Romance,2002-02-14,Tamil,234,2.0,Toho Studios
CONT000325,Lost Chronicles,Anime,2003-11-12,Spanish,237,7.7,Studio Canal
CONT000326,Distant Vendetta Unleashed,Comedy,2015-08-28,Spanish,173,9.4,Amazon Studios
CONT000327,Whispering Requiem,Kids,2022-10-25,English,233,7.3,AVM Productions
CONT000328,Electric Echoes,Drama,2021-12-16,Tamil,71,9.6,Suresh Productions
CONT000329,Restless Fury Unleashed,Drama,2010-08-02,Telugu,123,9.7,Yash Raj Films
CONT000330,Sacred Secrets,Sci-Fi,2013-12-06,Kannada,94,7.2,KVN Productions
CONT000331,Electric Throne Reloaded,Action,2023-02-13,French,94,9.4,Geetha Arts
CONT000332,Velvet Voyage The Beginning,Drama,2025-04-07,Tamil,145,6.7,20th Century Studios
CONT000333,Frozen Path,Drama,2006-12-11,French,163,8.5,20th Century Studios
CONT000334,Velvet Voyage Returns,Sci-Fi,2001-12-12,English,131,3.7,20th Century Studios
CONT000335,Crimson Symphony,Kids,2025-07-13,Japanese,134,2.5,Paramount Pictures
CONT000336,Lost Requiem,Comedy,2021-12-05,Spanish,185,2.7,Legendary Pictures
CONT000337,Lost Warriors,Comedy,2012-10-29,Telugu,227,3.2,Sony Pictures
CONT000338,Scarlet Warriors Returns,Drama,2013-04-16,Japanese,107,9.7,Marvel Studios
CONT000339,Radiant Genesis,Drama,2004-08-01,Telugu,217,3.9,Yash Raj Films
CONT000340,Ancient Vendetta,Sci-Fi,2016-07-12,Kannada,201,9.3,Suresh Productions
CONT000341,Forgotten Odyssey Part II,Comedy,2025-06-05,Spanish,72,9.5,KVN Productions
CONT000342,Fallen Throne,Thriller,2003-08-07,Kannada,236,3.0,Sony Pictures
CONT000343,Iron Destiny,Comedy,2001-10-16,French,182,2.7,Studio Canal
CONT000344,Sacred Warriors Unleashed,Documentary,2019-01-31,Kannada,132,1.6,Universal Studios
CONT000345,Whispering Reckoning,Anime,2002-10-24,French,62,7.0,Suresh Productions
CONT000346,Broken Genesis,Sports,2013-04-07,English,173,8.2,Netflix Originals Studio
CONT000347,Sacred Justice Part II,Documentary,2014-07-09,French,169,9.7,Real Star Productions
CONT000348,Ancient Prophecy Returns,Romance,2003-08-27,English,233,4.0,Netflix Originals Studio
CONT000349,Rising Justice,Anime,2021-07-25,Kannada,136,8.8,Marvel Studios
CONT000350,Savage Destiny Reloaded,Sci-Fi,2020-01-25,Hindi,97,6.9,Geetha Arts
CONT000351,Frozen Justice,Anime,2023-10-10,Tamil,204,5.0,Studio Ghibli
CONT000352,Crimson Rebellion Reloaded,Documentary,2005-01-13,Tamil,124,6.8,Dharma Productions
CONT000353,Whispering Frontier Returns,Sci-Fi,2024-11-07,French,117,5.9,Amazon Studios
CONT000354,Crimson Requiem,Romance,2025-06-05,Hindi,164,7.1,Toho Studios
CONT000355,Iron Horizon,Documentary,2022-10-02,Hindi,220,9.9,Studio Canal
CONT000356,Whispering Legacy,Sports,2024-05-31,Kannada,109,6.1,Gaumont Film Company
CONT000357,Golden Horizon,Romance,2002-07-31,Spanish,120,1.4,Universal Studios
CONT000358,Shadow Reckoning,Sci-Fi,2020-08-14,Telugu,90,7.4,AVM Productions
CONT000359,Endless Genesis Reloaded,Romance,2005-02-22,Japanese,103,4.3,Suresh Productions
CONT000360,Electric Warriors,Comedy,2010-09-25,Japanese,191,7.6,Geetha Arts
CONT000361,Scarlet Throne Unleashed,Anime,2004-06-20,Japanese,200,3.9,Lionsgate
CONT000362,Crimson Kingdom,Sci-Fi,2011-06-03,Japanese,109,7.2,Warner Bros Pictures
CONT000363,Forgotten Justice,Action,2021-11-22,Hindi,78,8.2,Yash Raj Films
CONT000364,Eternal Fury,Sports,2006-06-21,Telugu,197,10.0,Gaumont Film Company
CONT000365,Restless Odyssey,Action,2001-02-09,Japanese,98,5.4,KVN Productions
CONT000366,Radiant Kingdom,Action,2003-05-07,Kannada,218,8.4,Netflix Originals Studio
CONT000367,Distant Storm,Drama,2020-02-14,Spanish,118,8.9,Lionsgate
CONT000368,Whispering Dreams,Documentary,2009-09-14,Telugu,93,6.3,Universal Studios
CONT000369,Hidden Symphony,Kids,2014-11-12,French,159,9.4,Lyca Productions
CONT000370,Lost Rebellion Returns,Romance,2002-01-13,Kannada,231,2.3,Mythri Movie Makers
CONT000371,Midnight Dreams,Thriller,2016-01-03,Kannada,238,1.3,Legendary Pictures
CONT000372,Savage Sanctuary Reloaded,Sports,2025-08-24,Hindi,152,8.1,Toho Studios
CONT000373,Restless Rebellion,Drama,2003-03-26,Telugu,147,7.7,Marvel Studios
CONT000374,Radiant Destiny Unleashed,Sports,2015-01-01,English,240,4.0,Lyca Productions
CONT000375,Savage Mirage,Anime,2010-12-02,Tamil,149,2.4,Dharma Productions
CONT000376,Shadow Genesis,Kids,2018-03-02,French,161,6.1,Toei Animation
CONT000377,Endless Symphony,Drama,2013-07-10,Telugu,124,7.5,Legendary Pictures
CONT000378,Electric Wonderland,Comedy,2008-07-13,Hindi,209,2.6,A24
CONT000379,Sacred Heart,Sports,2003-01-14,French,141,9.1,Studio Ghibli
CONT000380,Savage Odyssey,Drama,2012-01-09,Tamil,240,1.2,Universal Studios
CONT000381,Wild Heart Unleashed,Thriller,2022-07-07,Hindi,110,3.2,Universal Studios
CONT000382,Eternal Alliance Part II,Romance,2015-04-21,Kannada,61,2.7,Legendary Pictures
CONT000383,Ancient Genesis Origins,Action,2009-07-09,Japanese,143,8.8,Warner Bros Pictures
CONT000384,Ancient Throne,Anime,2007-10-30,English,166,8.2,Paramount Pictures
CONT000385,Ancient Alliance,Kids,2017-12-03,Telugu,178,8.9,Warner Bros Pictures
CONT000386,Endless Empire,Anime,2002-07-06,Spanish,217,7.4,Suresh Productions
CONT000387,Lost Symphony Reloaded,Sci-Fi,2006-05-26,Hindi,151,8.3,AVM Productions
CONT000388,Sacred Fury,Documentary,2006-11-18,Japanese,118,7.7,Studio Ghibli
CONT000389,Forgotten Reckoning,Action,2013-11-14,French,203,3.5,Marvel Studios
CONT000390,Whispering Odyssey Part II,Documentary,2021-05-04,Hindi,227,8.3,Geetha Arts
CONT000391,Eternal Destiny Part II,Action,2006-01-06,Hindi,75,5.9,Dharma Productions
CONT000392,Frozen Sanctuary Unleashed,Anime,2006-09-12,Kannada,101,5.8,Geetha Arts
CONT000393,Silver Reckoning Returns,Sci-Fi,2015-06-10,Spanish,177,2.9,Toho Studios
CONT000394,Savage Warriors The Beginning,Action,2002-12-08,Spanish,232,8.8,Universal Studios
CONT000395,Final Justice,Sports,2010-01-19,English,124,1.2,Amazon Studios
CONT000396,Fallen Rebellion Reloaded,Anime,2019-02-03,Telugu,136,8.9,KVN Productions
CONT000397,Hidden Justice,Kids,2011-12-28,Kannada,136,3.5,Lyca Productions
CONT000398,Shadow Throne,Sci-Fi,2007-04-01,Japanese,234,6.5,Hombale Films
CONT000399,Hidden Justice Reloaded,Anime,2002-01-26,French,106,4.9,Sony Pictures
CONT000400,Endless Voyage,Comedy,2006-10-25,English,94,9.2,Sony Pictures
CONT000401,Silver Symphony,Sports,2004-01-18,Spanish,146,6.8,Netflix Originals Studio
CONT000402,Velvet Storm,Action,2010-07-10,Tamil,220,7.2,Universal Studios
CONT000403,Eternal Echoes,Romance,2019-04-24,Hindi,65,1.4,Prithvi Productions
CONT000404,Crimson Throne,Documentary,2019-03-22,English,105,3.0,Legendary Pictures
CONT000405,Eternal Destiny,Documentary,2005-01-14,Japanese,187,9.6,Paramount Pictures
CONT000406,Sacred Chronicles,Sci-Fi,2003-04-01,Telugu,240,2.6,Studio Ghibli
CONT000407,Hidden Echoes Unleashed,Anime,2011-12-26,English,143,7.2,MGM Studios
CONT000408,Iron Fury Origins,Sports,2012-01-18,Spanish,168,3.9,AVM Productions
CONT000409,Wild Horizon,Sports,2018-05-22,Kannada,222,1.0,Lionsgate
CONT000410,Whispering Wonderland,Romance,2016-11-28,Tamil,110,7.0,Paramount Pictures
CONT000411,Forgotten Alliance,Action,2018-03-15,Japanese,235,6.8,Legendary Pictures
CONT000412,Electric Empire,Romance,2000-01-16,French,225,8.7,Marvel Studios
CONT000413,Lost Justice,Sports,2010-07-07,Spanish,150,7.4,Mythri Movie Makers
CONT000414,Final Wonderland,Thriller,2011-10-07,French,149,5.7,KVN Productions
CONT000415,Burning Rebellion,Comedy,2023-09-20,Japanese,194,2.8,Yash Raj Films
CONT000416,Forgotten Secrets Reloaded,Drama,2020-08-24,Kannada,223,9.5,Vyjayanthi Movies
CONT000417,Savage Destiny,Action,2014-06-11,Spanish,152,8.5,Suresh Productions
CONT000418,Fallen Legacy,Thriller,2016-10-29,Hindi,153,4.2,Toho Studios
CONT000419,Whispering Echoes,Comedy,2012-05-02,Spanish,134,10.0,Amazon Studios
CONT000420,Crimson Heart,Drama,2023-03-17,Kannada,61,7.1,Geetha Arts
CONT000421,Emerald Echoes,Romance,2016-08-18,Japanese,157,3.3,Legendary Pictures
CONT000422,Hidden Warriors,Action,2008-01-02,Telugu,199,3.5,Lyca Productions
CONT000423,Midnight Rebellion Returns,Comedy,2023-07-23,French,82,2.8,AVM Productions
CONT000424,Sacred Wonderland Returns,Sports,2016-06-20,English,135,9.7,AVM Productions
CONT000425,Hidden Prophecy,Anime,2002-11-04,Tamil,144,8.7,Paramount Pictures
CONT000426,Silver Heart,Documentary,2018-08-08,French,224,7.8,Warner Bros Pictures
CONT000427,Crimson Justice,Kids,2019-07-25,Spanish,181,2.6,Paramount Pictures
CONT000428,Iron Storm,Documentary,2000-06-04,Tamil,111,4.6,Universal Studios
CONT000429,Endless Frontier Origins,Sports,2020-08-17,Hindi,83,3.0,Paramount Pictures
CONT000430,Burning Vendetta Returns,Comedy,2009-09-02,French,74,8.4,Dharma Productions
CONT000431,Velvet Empire,Action,2024-09-08,Spanish,209,2.3,AVM Productions
CONT000432,Forgotten Kingdom,Drama,2014-05-17,Japanese,108,5.7,Warner Bros Pictures
CONT000433,Electric Prophecy Returns,Documentary,2018-11-06,English,138,3.7,Vyjayanthi Movies
CONT000434,Wild Mirage,Documentary,2011-07-14,Telugu,111,2.2,Dharma Productions
CONT000435,Frozen Destiny,Kids,2021-12-07,Kannada,153,9.4,Lyca Productions
CONT000436,Hidden Heart,Documentary,2002-04-18,Japanese,62,5.8,AVM Productions
CONT000437,Burning Vendetta,Thriller,2009-11-08,French,134,2.8,Dharma Productions
CONT000438,Restless Justice,Sports,2019-12-15,Tamil,112,1.5,AVM Productions
CONT000439,Radiant Destiny Reloaded,Comedy,2022-04-20,Kannada,63,9.3,Legendary Pictures
CONT000440,Scarlet Mirage Reloaded,Thriller,2009-06-19,Kannada,97,8.0,Amazon Studios
CONT000441,Hidden Echoes Part II,Sci-Fi,2004-02-08,English,166,3.0,Suresh Productions
CONT000442,Midnight Reckoning,Sports,2006-12-11,English,238,2.2,Yash Raj Films
CONT000443,Forgotten Heart Reloaded,Romance,2014-04-19,Kannada,139,9.2,Lyca Productions
CONT000444,Frozen Vendetta The Beginning,Sci-Fi,2017-07-24,English,143,4.4,MGM Studios
CONT000445,Rising Rebellion,Comedy,2008-11-20,French,98,7.6,AVM Productions
CONT000446,Lost Frontier,Action,2015-10-13,Hindi,228,9.3,MGM Studios
CONT000447,Sacred Warriors,Kids,2004-03-03,Tamil,184,3.5,Toei Animation
CONT000448,Distant Justice,Comedy,2009-01-11,Kannada,180,3.4,Prithvi Productions
CONT000449,Silver Prophecy,Romance,2013-06-13,English,208,6.4,Warner Bros Pictures
CONT000450,Electric Voyage Origins,Anime,2020-03-02,French,123,4.0,Geetha Arts
CONT000451,Broken Legacy,Thriller,2003-02-11,French,84,7.7,20th Century Studios
CONT000452,Restless Symphony,Kids,2001-08-11,English,70,5.6,20th Century Studios
CONT000453,Fallen Destiny,Sports,2025-12-04,Japanese,79,4.4,Netflix Originals Studio
CONT000454,Scarlet Symphony,Comedy,2014-11-16,English,225,8.9,KVN Productions
CONT000455,Rising Horizon Part II,Sci-Fi,2005-04-02,Kannada,187,3.4,Legendary Pictures
CONT000456,Broken Justice,Documentary,2011-06-30,Japanese,110,3.6,Legendary Pictures
CONT000457,Hidden Horizon,Documentary,2022-07-05,Tamil,84,1.1,Universal Studios
CONT000458,Emerald Mirage,Romance,2009-06-17,Tamil,82,7.8,Sony Pictures
CONT000459,Forgotten Odyssey,Sports,2017-08-22,Hindi,134,6.1,20th Century Studios
CONT000460,Golden Frontier,Sci-Fi,2010-12-04,English,122,1.7,Lyca Productions
CONT000461,Crimson Kingdom The Beginning,Drama,2013-08-14,Japanese,81,8.3,Hombale Films
CONT000462,Burning Wonderland Origins,Sports,2018-04-06,English,82,8.1,Sony Pictures
CONT000463,Eternal Mirage,Drama,2009-02-20,Tamil,116,7.2,Amazon Studios
CONT000464,Golden Warriors,Kids,2001-09-10,French,194,8.0,Real Star Productions
CONT000465,Golden Sanctuary,Comedy,2008-12-05,English,153,8.1,Paramount Pictures
CONT000466,Ancient Reckoning,Romance,2007-04-11,French,232,7.9,KVN Productions
CONT000467,Eternal Odyssey,Thriller,2002-05-14,French,234,6.3,AVM Productions
CONT000468,Radiant Echoes Unleashed,Documentary,2005-03-12,Hindi,124,7.8,Vyjayanthi Movies
CONT000469,Final Rebellion Returns,Documentary,2010-08-13,French,207,9.2,Netflix Originals Studio
CONT000470,Savage Reckoning The Beginning,Sports,2015-05-15,Spanish,163,9.5,T-Series Films
CONT000471,Forgotten Path,Action,2013-06-23,French,214,1.1,20th Century Studios
CONT000472,Fallen Alliance Reloaded,Anime,2024-06-18,Tamil,81,4.2,Vyjayanthi Movies
CONT000473,Iron Alliance Origins,Comedy,2012-02-27,Kannada,239,9.0,AVM Productions
CONT000474,Electric Fury,Comedy,2009-09-14,English,156,8.4,Yash Raj Films
CONT000475,Wild Odyssey,Drama,2016-04-03,Kannada,117,4.2,Suresh Productions
CONT000476,Distant Genesis,Sports,2013-11-03,French,141,9.6,Marvel Studios
CONT000477,Wild Echoes Reloaded,Comedy,2011-01-11,French,204,8.3,Studio Ghibli
CONT000478,Scarlet Secrets,Documentary,2023-01-19,Spanish,94,9.4,Prithvi Productions
CONT000479,Midnight Voyage,Sports,2023-06-04,English,227,5.5,Geetha Arts
CONT000480,Velvet Warriors The Beginning,Comedy,2025-01-01,Spanish,174,3.8,Marvel Studios
CONT000481,Scarlet Heart Origins,Kids,2006-02-22,English,129,2.3,A24
CONT000482,Wild Symphony,Thriller,2010-11-04,Telugu,199,1.2,Legendary Pictures
CONT000483,Fallen Destiny The Beginning,Sports,2022-02-11,Japanese,236,9.1,Lyca Productions
CONT000484,Broken Vendetta,Action,2023-11-18,Japanese,95,2.8,Toho Studios
CONT000485,Savage Kingdom The Beginning,Documentary,2007-08-28,Telugu,73,6.3,Mythri Movie Makers
CONT000486,Emerald Chronicles,Kids,2018-01-30,Hindi,234,3.3,Mythri Movie Makers
CONT000487,Lost Storm,Kids,2011-12-21,Hindi,112,9.3,Lionsgate
CONT000488,Lost Kingdom Unleashed,Kids,2025-01-23,Spanish,79,3.5,Geetha Arts
CONT000489,Velvet Wonderland,Thriller,2005-06-07,Telugu,175,7.9,Universal Studios
CONT000490,Frozen Vendetta,Thriller,2015-11-12,Japanese,127,9.8,Prithvi Productions
CONT000491,Golden Genesis,Romance,2018-07-07,Hindi,138,2.5,Yash Raj Films
CONT000492,Scarlet Destiny,Comedy,2018-02-11,Spanish,147,4.6,KVN Productions
CONT000493,Restless Empire,Drama,2006-06-07,Spanish,231,9.3,Toei Animation
CONT000494,Eternal Chronicles,Comedy,2018-07-14,Hindi,188,1.0,A24
CONT000495,Wild Chronicles,Thriller,2005-12-10,Kannada,116,7.0,Gaumont Film Company
CONT000496,Final Echoes Origins,Action,2017-02-01,Telugu,93,6.8,Prithvi Productions
CONT000497,Midnight Reckoning Unleashed,Romance,2022-11-01,Telugu,215,2.9,T-Series Films
CONT000498,Burning Genesis,Anime,2001-01-17,Hindi,91,8.5,Lyca Productions
CONT000499,Silver Horizon,Documentary,2002-08-26,French,211,6.0,Toho Studios
CONT000500,Iron Legacy,Thriller,2015-04-04,Japanese,195,6.1,Dharma Productions
CONT000501,Frozen Mirage,Thriller,2025-11-27,English,117,8.0,Warner Bros Pictures
CONT000502,Restless Echoes Origins,Comedy,2012-04-11,Hindi,209,2.0,Mythri Movie Makers
CONT000503,Whispering Justice,Action,2016-08-28,Japanese,228,9.9,Paramount Pictures
CONT000504,Savage Reckoning,Sci-Fi,2015-04-30,Tamil,88,4.6,Toei Animation
CONT000505,Silver Chronicles Unleashed,Action,2019-09-04,Tamil,240,7.7,Gaumont Film Company
CONT000506,Velvet Vendetta,Action,2000-09-15,Hindi,150,2.9,Warner Bros Pictures
CONT000507,Forgotten Prophecy,Documentary,2011-10-31,Japanese,220,2.5,MGM Studios
CONT000508,Lost Secrets,Action,2007-11-10,Japanese,167,9.1,Toho Studios
CONT000509,Velvet Heart,Anime,2004-10-14,Kannada,153,8.0,KVN Productions
CONT000510,Emerald Dreams,Anime,2021-05-12,Kannada,87,5.8,Studio Ghibli
CONT000511,Whispering Storm Origins,Action,2008-08-29,Telugu,192,4.9,Studio Canal
CONT000512,Scarlet Storm Returns,Drama,2006-03-16,English,88,2.9,A24
CONT000513,Frozen Storm Part II,Kids,2001-12-09,Tamil,206,5.8,Paramount Pictures
CONT000514,Radiant Empire,Documentary,2020-09-17,French,223,9.1,Warner Bros Pictures
CONT000515,Final Chronicles,Sports,2004-08-31,Hindi,211,8.9,Dharma Productions
CONT000516,Iron Heart,Kids,2003-01-11,English,180,2.5,MGM Studios
CONT000517,Electric Prophecy,Sci-Fi,2021-01-23,French,215,2.3,Real Star Productions
CONT000518,Emerald Alliance,Sci-Fi,2010-04-05,English,160,6.1,Studio Canal
CONT000519,Forgotten Rebellion,Action,2010-11-19,Hindi,111,8.2,Universal Studios
CONT000520,Iron Kingdom,Sci-Fi,2001-12-25,Spanish,127,1.4,Hombale Films
CONT000521,Crimson Sanctuary,Comedy,2008-05-20,Kannada,195,2.5,Marvel Studios
CONT000522,Lost Legacy,Sports,2000-02-07,Hindi,67,6.0,Suresh Productions
CONT000523,Golden Echoes,Romance,2024-02-10,Hindi,240,1.5,Legendary Pictures
CONT000524,Distant Voyage,Action,2025-02-11,Tamil,66,2.7,Marvel Studios
CONT000525,Restless Vendetta,Comedy,2009-04-16,Spanish,88,6.5,Paramount Pictures
CONT000526,Frozen Echoes,Comedy,2003-12-10,Tamil,85,1.8,Studio Ghibli
CONT000527,Rising Voyage,Drama,2022-03-01,Japanese,109,1.1,Paramount Pictures
CONT000528,Silent Legacy,Romance,2009-08-05,Spanish,176,9.9,Real Star Productions
CONT000529,Endless Sanctuary,Comedy,2000-12-19,English,67,7.0,Sony Pictures
CONT000530,Radiant Wonderland,Action,2008-01-25,Telugu,173,3.3,Sony Pictures
CONT000531,Midnight Mirage,Anime,2001-04-09,Japanese,157,1.9,Hombale Films
CONT000532,Broken Destiny,Kids,2014-08-15,Telugu,123,1.1,Legendary Pictures
CONT000533,Shadow Empire Origins,Anime,2000-01-29,Tamil,147,8.2,Legendary Pictures
CONT000534,Broken Legacy Origins,Sports,2015-02-11,Japanese,76,5.8,Hombale Films
CONT000535,Broken Chronicles,Documentary,2010-12-27,Spanish,192,7.2,MGM Studios
CONT000536,Golden Destiny Origins,Action,2011-09-02,Spanish,90,9.9,Yash Raj Films
CONT000537,Distant Heart,Drama,2012-10-02,Spanish,123,4.1,Warner Bros Pictures
CONT000538,Golden Reckoning,Thriller,2006-05-15,Hindi,213,1.6,Mythri Movie Makers
CONT000539,Rising Dreams Part II,Documentary,2000-08-26,Hindi,152,1.7,Legendary Pictures
CONT000540,Savage Legacy Returns,Sports,2007-10-09,French,84,8.8,Hombale Films
CONT000541,Lost Empire,Action,2017-05-27,Tamil,87,8.7,Toho Studios
CONT000542,Sacred Frontier,Romance,2000-06-09,Tamil,78,9.1,Yash Raj Films
CONT000543,Rising Frontier Part II,Drama,2021-08-05,Hindi,74,4.4,MGM Studios
CONT000544,Silent Dreams Origins,Drama,2015-12-10,Japanese,198,7.5,Sony Pictures
CONT000545,Sacred Secrets The Beginning,Comedy,2011-02-20,Kannada,133,7.8,Real Star Productions
CONT000546,Silver Warriors Reloaded,Sci-Fi,2017-03-26,Japanese,121,6.8,KVN Productions
CONT000547,Midnight Prophecy Part II,Sports,2016-07-26,Tamil,132,1.3,Hombale Films
CONT000548,Emerald Legacy Unleashed,Kids,2004-03-15,Spanish,90,5.4,Real Star Productions
CONT000549,Broken Wonderland Returns,Action,2005-04-22,Tamil,77,3.4,Hombale Films
CONT000550,Emerald Rebellion,Documentary,2002-07-27,Hindi,190,3.0,Studio Canal
CONT000551,Endless Prophecy,Action,2019-05-16,English,121,5.7,Marvel Studios
CONT000552,Radiant Empire Part II,Kids,2011-11-25,French,177,8.1,Sony Pictures
CONT000553,Golden Mirage,Anime,2004-05-23,Tamil,131,7.0,Geetha Arts
CONT000554,Emerald Throne Unleashed,Action,2023-02-01,English,224,5.2,Studio Canal
CONT000555,Silent Fury,Kids,2006-04-01,Japanese,97,4.5,Prithvi Productions
CONT000556,Lost Requiem Origins,Drama,2010-03-06,English,213,5.1,Studio Canal
CONT000557,Golden Heart Part II,Thriller,2019-09-10,Kannada,109,3.7,Lyca Productions
CONT000558,Burning Chronicles,Sports,2001-02-14,Kannada,63,4.2,KVN Productions
CONT000559,Whispering Prophecy,Kids,2009-07-09,Tamil,109,8.5,Dharma Productions
CONT000560,Rising Mirage,Sci-Fi,2014-06-08,English,164,2.6,AVM Productions
CONT000561,Electric Reckoning Origins,Drama,2010-09-11,English,99,6.5,Studio Ghibli
CONT000562,Frozen Reckoning,Thriller,2010-10-14,Hindi,130,9.6,Sony Pictures
CONT000563,Endless Horizon,Drama,2014-05-29,English,102,3.1,Yash Raj Films
CONT000564,Scarlet Odyssey,Sports,2004-04-02,English,171,9.2,20th Century Studios
CONT000565,Shadow Genesis Origins,Drama,2006-03-17,Spanish,78,5.8,Vyjayanthi Movies
CONT000566,Velvet Echoes,Kids,2010-12-07,French,228,5.8,Netflix Originals Studio
CONT000567,Restless Secrets,Documentary,2008-08-22,Spanish,79,6.3,Studio Ghibli
CONT000568,Burning Storm The Beginning,Thriller,2010-08-11,Spanish,153,9.6,Studio Ghibli
CONT000569,Electric Vendetta The Beginning,Action,2021-02-27,Tamil,232,4.0,Real Star Productions
CONT000570,Electric Sanctuary,Drama,2020-11-17,Japanese,119,9.8,Paramount Pictures
CONT000571,Hidden Fury,Drama,2010-06-06,Japanese,152,4.4,KVN Productions
CONT000572,Silver Secrets Reloaded,Sci-Fi,2011-12-07,Hindi,69,5.6,Prithvi Productions
CONT000573,Golden Throne,Anime,2025-11-17,Japanese,148,7.3,AVM Productions
CONT000574,Lost Symphony,Action,2007-03-21,Spanish,154,2.1,MGM Studios
CONT000575,Silver Voyage,Sci-Fi,2011-02-24,Tamil,154,7.9,Toei Animation
CONT000576,Ancient Odyssey Part II,Romance,2020-05-28,English,110,9.1,Lionsgate
CONT000577,Midnight Warriors Part II,Drama,2003-11-06,Tamil,61,2.6,Yash Raj Films
CONT000578,Midnight Genesis,Sci-Fi,2000-11-12,English,89,1.7,Paramount Pictures
CONT000579,Rising Path,Thriller,2014-12-09,English,81,3.4,Studio Ghibli
CONT000580,Golden Dreams,Thriller,2005-11-28,Japanese,147,5.5,Sony Pictures
CONT000581,Frozen Mirage Reloaded,Sports,2017-04-12,Telugu,64,3.1,Toho Studios
CONT000582,Golden Justice The Beginning,Kids,2021-01-04,Tamil,219,1.8,Netflix Originals Studio
CONT000583,Shadow Chronicles,Sci-Fi,2004-11-02,French,121,7.8,Marvel Studios
CONT000584,Fallen Echoes,Action,2001-05-21,Tamil,66,3.0,Toei Animation
CONT000585,Hidden Destiny,Kids,2008-08-17,Kannada,112,9.9,Netflix Originals Studio
CONT000586,Savage Odyssey Part II,Sci-Fi,2020-10-06,Japanese,240,7.4,Amazon Studios
CONT000587,Lost Echoes,Action,2014-02-25,Hindi,135,1.4,Marvel Studios
CONT000588,Final Horizon The Beginning,Sci-Fi,2020-09-17,English,110,3.9,Toho Studios
CONT000589,Whispering Voyage,Comedy,2003-02-21,Spanish,171,5.4,Studio Ghibli
CONT000590,Iron Empire,Sports,2016-09-02,French,140,6.6,20th Century Studios
CONT000591,Silver Heart Origins,Drama,2001-09-04,Kannada,76,5.2,Lionsgate
CONT000592,Silent Voyage,Anime,2019-08-14,Hindi,97,4.5,20th Century Studios
CONT000593,Velvet Requiem Origins,Drama,2023-10-10,Hindi,239,1.6,Yash Raj Films
CONT000594,Forgotten Fury,Sports,2007-08-02,Tamil,104,4.5,Toho Studios
CONT000595,Fallen Reckoning,Comedy,2010-11-22,French,201,2.1,Studio Ghibli
CONT000596,Scarlet Genesis,Sports,2021-03-16,Tamil,107,6.4,Toei Animation
CONT000597,Hidden Requiem,Sci-Fi,2022-01-10,Hindi,191,4.0,T-Series Films
CONT000598,Shadow Odyssey,Drama,2014-05-30,Japanese,104,7.6,Vyjayanthi Movies
CONT000599,Lost Frontier Returns,Action,2000-01-02,Tamil,207,4.1,Toho Studios
CONT000600,Silver Odyssey,Action,2014-09-02,Tamil,141,8.4,Studio Ghibli
CONT000601,Sacred Storm,Comedy,2010-03-10,English,233,4.7,MGM Studios
CONT000602,Silver Genesis,Sci-Fi,2002-05-05,Kannada,98,8.3,Studio Ghibli
CONT000603,Fallen Vendetta,Sci-Fi,2024-03-07,Japanese,231,8.4,Geetha Arts
CONT000604,Savage Prophecy Origins,Drama,2024-05-03,English,200,9.8,Lyca Productions
CONT000605,Golden Legacy Part II,Action,2010-03-09,Japanese,78,6.5,KVN Productions
CONT000606,Scarlet Kingdom Returns,Sports,2013-12-15,French,156,3.8,MGM Studios
CONT000607,Lost Genesis,Thriller,2015-10-20,Hindi,213,6.3,Suresh Productions
CONT000608,Savage Echoes Returns,Sports,2000-07-12,Tamil,113,2.9,Legendary Pictures
CONT000609,Velvet Prophecy Unleashed,Action,2020-09-13,Spanish,66,7.5,AVM Productions
CONT000610,Golden Symphony,Documentary,2015-12-30,Hindi,116,8.1,Lionsgate
CONT000611,Restless Kingdom The Beginning,Sports,2007-01-28,Spanish,223,7.4,Real Star Productions
CONT000612,Fallen Chronicles,Anime,2023-02-15,Kannada,185,5.9,Marvel Studios
CONT000613,Shadow Frontier,Romance,2016-12-15,Kannada,106,1.2,MGM Studios
CONT000614,Frozen Genesis,Romance,2016-03-23,English,74,2.9,Warner Bros Pictures
CONT000615,Savage Echoes,Sci-Fi,2022-11-29,French,99,6.0,Sony Pictures
CONT000616,Shadow Path The Beginning,Thriller,2012-05-19,Tamil,167,2.9,MGM Studios
CONT000617,Iron Kingdom Part II,Anime,2007-06-03,Tamil,197,3.3,Marvel Studios
CONT000618,Forgotten Symphony Reloaded,Sci-Fi,2004-12-04,French,212,7.4,Studio Ghibli
CONT000619,Whispering Kingdom,Action,2019-11-08,Hindi,77,9.1,Legendary Pictures
CONT000620,Electric Path Returns,Drama,2009-09-16,Japanese,164,7.9,T-Series Films
CONT000621,Hidden Rebellion Returns,Anime,2019-07-23,Telugu,139,2.5,Dharma Productions
CONT000622,Iron Dreams Unleashed,Anime,2005-08-01,Telugu,107,4.8,Suresh Productions
CONT000623,Iron Sanctuary,Kids,2021-03-21,Telugu,180,5.7,KVN Productions
CONT000624,Burning Echoes Reloaded,Sci-Fi,2003-04-15,Japanese,239,4.5,Paramount Pictures
CONT000625,Fallen Empire,Sports,2006-10-31,French,206,5.9,Universal Studios
CONT000626,Radiant Mirage,Anime,2022-10-29,Spanish,170,6.6,Yash Raj Films
CONT000627,Burning Justice,Anime,2007-01-06,Spanish,226,2.6,20th Century Studios
CONT000628,Eternal Genesis,Action,2014-07-01,French,172,5.5,Geetha Arts
CONT000629,Whispering Genesis Unleashed,Documentary,2014-08-01,French,89,4.0,Mythri Movie Makers
CONT000630,Distant Alliance,Thriller,2000-10-01,Japanese,159,1.6,Toho Studios
CONT000631,Endless Destiny,Thriller,2014-11-28,Telugu,186,2.4,Amazon Studios
CONT000632,Wild Warriors Reloaded,Action,2006-04-22,Kannada,139,3.1,Universal Studios
CONT000633,Fallen Odyssey The Beginning,Comedy,2006-06-15,Hindi,98,4.9,Dharma Productions
CONT000634,Scarlet Storm,Drama,2005-08-31,Telugu,69,1.8,Yash Raj Films
CONT000635,Velvet Destiny Returns,Drama,2004-10-20,Kannada,110,6.5,Netflix Originals Studio
CONT000636,Hidden Secrets Returns,Anime,2017-07-14,Spanish,124,5.0,KVN Productions
CONT000637,Broken Symphony Reloaded,Anime,2002-08-23,French,195,6.6,Prithvi Productions
CONT000638,Silent Mirage,Romance,2000-08-14,French,172,8.9,Lionsgate
CONT000639,Ancient Empire,Documentary,2006-08-13,English,203,5.6,KVN Productions
CONT000640,Broken Reckoning,Action,2022-06-11,English,152,4.7,Netflix Originals Studio
CONT000641,Electric Path,Kids,2007-03-27,Japanese,156,2.7,Prithvi Productions
CONT000642,Hidden Mirage,Romance,2000-03-11,Japanese,141,6.8,Legendary Pictures
CONT000643,Emerald Odyssey,Comedy,2022-01-26,English,98,4.9,Paramount Pictures
CONT000644,Burning Echoes,Action,2003-11-30,Kannada,86,4.4,Prithvi Productions
CONT000645,Crimson Alliance,Kids,2011-07-06,Hindi,174,6.8,20th Century Studios
CONT000646,Silent Throne,Thriller,2009-08-15,Hindi,227,3.3,Toho Studios
CONT000647,Restless Frontier Unleashed,Documentary,2005-11-18,Japanese,223,8.7,Vyjayanthi Movies
CONT000648,Final Odyssey,Action,2019-12-14,French,66,1.8,Vyjayanthi Movies
CONT000649,Restless Genesis,Sci-Fi,2020-11-02,French,80,7.6,Lyca Productions
CONT000650,Forgotten Wonderland,Drama,2005-05-21,Kannada,188,3.3,Yash Raj Films
CONT000651,Broken Wonderland,Kids,2010-01-15,Telugu,126,9.2,T-Series Films
CONT000652,Rising Sanctuary Returns,Documentary,2019-11-24,Tamil,85,4.7,KVN Productions
CONT000653,Hidden Wonderland Unleashed,Comedy,2024-11-08,Japanese,163,9.0,Real Star Productions
CONT000654,Emerald Wonderland Origins,Comedy,2024-11-07,French,210,4.0,Lyca Productions
CONT000655,Crimson Horizon,Thriller,2014-10-24,Spanish,207,5.9,Lyca Productions
CONT000656,Emerald Wonderland,Documentary,2007-11-05,Japanese,108,6.4,Toei Animation
CONT000657,Rising Reckoning Unleashed,Comedy,2018-11-11,English,113,6.0,Dharma Productions
CONT000658,Silver Vendetta Part II,Thriller,2004-07-08,Tamil,233,6.2,Netflix Originals Studio
CONT000659,Shadow Odyssey Returns,Comedy,2012-07-31,Japanese,205,7.2,Marvel Studios
CONT000660,Burning Fury,Action,2025-09-15,Tamil,105,9.2,T-Series Films
CONT000661,Crimson Chronicles,Thriller,2023-02-15,Japanese,232,9.7,Mythri Movie Makers
CONT000662,Fallen Alliance,Sports,2007-03-24,Japanese,153,6.0,Geetha Arts
CONT000663,Endless Genesis,Documentary,2006-05-10,Kannada,100,2.4,20th Century Studios
CONT000664,Burning Mirage,Drama,2013-11-15,Hindi,203,5.5,Hombale Films
CONT000665,Frozen Sanctuary Part II,Sci-Fi,2018-12-16,Kannada,120,9.3,Warner Bros Pictures
CONT000666,Final Genesis,Sci-Fi,2004-02-25,French,210,4.5,Lyca Productions
CONT000667,Emerald Sanctuary The Beginning,Action,2020-04-20,Tamil,69,6.4,Yash Raj Films
CONT000668,Hidden Dreams Origins,Comedy,2015-03-14,Hindi,168,7.8,Paramount Pictures
CONT000669,Whispering Sanctuary,Sci-Fi,2006-12-09,Kannada,138,4.9,Real Star Productions
CONT000670,Endless Legacy,Sports,2007-06-12,English,187,2.1,Vyjayanthi Movies
CONT000671,Forgotten Destiny,Thriller,2022-09-26,English,145,1.4,Marvel Studios
CONT000672,Scarlet Requiem,Documentary,2018-02-21,Kannada,118,7.0,AVM Productions
CONT000673,Frozen Frontier Origins,Anime,2011-02-17,Telugu,229,7.0,T-Series Films
CONT000674,Silent Storm,Sports,2003-02-06,Kannada,81,1.6,Legendary Pictures
CONT000675,Hidden Odyssey,Comedy,2017-02-25,French,124,2.7,Netflix Originals Studio
CONT000676,Iron Voyage Unleashed,Kids,2005-09-10,Kannada,77,5.4,Sony Pictures
CONT000677,Electric Frontier Reloaded,Romance,2002-01-10,Hindi,88,8.2,T-Series Films
CONT000678,Silent Rebellion,Thriller,2015-08-11,Kannada,238,8.5,AVM Productions
CONT000679,Velvet Vendetta Returns,Kids,2008-01-22,English,93,1.8,Studio Canal
CONT000680,Fallen Prophecy Reloaded,Thriller,2005-03-31,Hindi,157,1.8,T-Series Films
CONT000681,Shadow Horizon Origins,Comedy,2013-09-23,Japanese,203,8.8,A24
CONT000682,Rising Echoes The Beginning,Anime,2005-09-01,Japanese,150,5.6,A24
CONT000683,Final Alliance Unleashed,Drama,2022-08-08,English,167,4.9,Lionsgate
CONT000684,Broken Kingdom,Thriller,2005-05-02,French,155,5.7,T-Series Films
CONT000685,Frozen Storm,Thriller,2018-01-12,English,125,5.3,Studio Canal
CONT000686,Electric Chronicles,Anime,2013-09-28,French,152,1.8,Geetha Arts
CONT000687,Scarlet Destiny Reloaded,Sports,2011-06-23,Japanese,237,1.2,Legendary Pictures
CONT000688,Silent Empire,Action,2019-08-16,Telugu,118,4.1,KVN Productions
CONT000689,Sacred Chronicles Returns,Action,2005-11-18,Japanese,167,8.8,Hombale Films
CONT000690,Rising Path Reloaded,Drama,2007-01-29,Japanese,131,1.5,Netflix Originals Studio
CONT000691,Radiant Symphony,Sports,2019-01-08,Tamil,98,8.0,Geetha Arts
CONT000692,Whispering Legacy Origins,Kids,2022-11-25,Spanish,212,9.9,Warner Bros Pictures
CONT000693,Wild Storm Part II,Anime,2005-02-11,Japanese,145,2.1,Universal Studios
CONT000694,Distant Reckoning Part II,Romance,2025-09-09,Tamil,135,1.9,Amazon Studios
CONT000695,Radiant Prophecy,Sci-Fi,2021-02-20,Japanese,91,1.3,Lyca Productions
CONT000696,Fallen Wonderland,Sci-Fi,2005-03-15,Japanese,162,3.2,Vyjayanthi Movies
CONT000697,Fallen Rebellion,Sci-Fi,2016-12-02,English,193,8.2,Toho Studios
CONT000698,Rising Odyssey,Kids,2020-12-25,English,73,7.0,Hombale Films
CONT000699,Final Alliance,Romance,2021-01-22,Spanish,100,8.2,20th Century Studios
CONT000700,Midnight Sanctuary,Kids,2004-01-30,Telugu,178,8.8,Amazon Studios
CONT000701,Shadow Dreams Part II,Drama,2016-07-19,English,170,4.7,Hombale Films
CONT000702,Rising Wonderland,Documentary,2016-07-11,Kannada,85,5.6,KVN Productions
CONT000703,Crimson Secrets Unleashed,Sci-Fi,2009-11-21,Spanish,151,8.6,Lionsgate
CONT000704,Distant Fury,Thriller,2003-10-15,Japanese,89,4.3,Legendary Pictures
CONT000705,Ancient Empire The Beginning,Comedy,2015-03-10,Kannada,166,1.2,Prithvi Productions
CONT000706,Broken Frontier Unleashed,Kids,2016-03-06,Spanish,126,3.1,Toho Studios
CONT000707,Velvet Heart Origins,Action,2001-04-16,Spanish,116,9.0,Lyca Productions
CONT000708,Electric Storm,Kids,2024-06-25,French,110,5.9,Paramount Pictures
CONT000709,Eternal Reckoning,Drama,2022-11-09,Japanese,134,6.0,Sony Pictures
CONT000710,Crimson Horizon Origins,Sci-Fi,2024-07-01,Tamil,231,5.0,Suresh Productions
CONT000711,Lost Justice Origins,Kids,2020-02-12,Kannada,75,6.9,20th Century Studios
CONT000712,Golden Alliance,Romance,2022-12-22,Kannada,128,8.3,Paramount Pictures
CONT000713,Whispering Warriors Reloaded,Kids,2003-11-25,French,196,3.1,Yash Raj Films
CONT000714,Hidden Empire,Anime,2001-03-02,Kannada,146,4.4,Real Star Productions
CONT000715,Crimson Kingdom Origins,Thriller,2013-06-27,Hindi,112,9.9,Hombale Films
CONT000716,Distant Mirage,Documentary,2000-03-31,English,133,3.0,Paramount Pictures
CONT000717,Endless Frontier,Romance,2006-06-09,Spanish,239,5.9,Mythri Movie Makers
CONT000718,Hidden Rebellion The Beginning,Documentary,2011-02-11,Kannada,237,3.8,Universal Studios
CONT000719,Final Legacy Origins,Kids,2022-11-14,Japanese,188,5.4,Lionsgate
CONT000720,Silver Sanctuary,Anime,2017-12-30,Tamil,100,4.1,Studio Canal
CONT000721,Broken Echoes,Sports,2008-04-11,French,189,2.9,Dharma Productions
CONT000722,Ancient Requiem Unleashed,Comedy,2011-10-30,Telugu,149,6.7,KVN Productions
CONT000723,Rising Storm,Sci-Fi,2014-02-28,Spanish,60,8.9,Toei Animation
CONT000724,Frozen Fury,Drama,2007-08-16,Telugu,232,8.8,Toho Studios
CONT000725,Eternal Path Reloaded,Anime,2009-12-02,Spanish,159,3.5,20th Century Studios
CONT000726,Broken Requiem,Sci-Fi,2007-03-26,French,210,5.8,Hombale Films
CONT000727,Ancient Echoes,Comedy,2000-09-30,Tamil,173,1.3,Gaumont Film Company
CONT000728,Ancient Justice Returns,Sci-Fi,2013-09-29,Tamil,206,2.5,Geetha Arts
CONT000729,Scarlet Mirage Unleashed,Action,2008-11-08,Tamil,112,1.8,Studio Ghibli
CONT000730,Forgotten Dreams Reloaded,Thriller,2000-01-03,Telugu,178,3.0,T-Series Films
CONT000731,Crimson Sanctuary Part II,Comedy,2014-10-09,Hindi,175,7.3,Gaumont Film Company
CONT000732,Shadow Rebellion Part II,Anime,2017-05-31,Spanish,226,9.4,Mythri Movie Makers
CONT000733,Final Voyage,Romance,2022-12-21,French,233,4.9,Gaumont Film Company
CONT000734,Whispering Vendetta,Thriller,2007-12-29,Spanish,164,2.9,Universal Studios
CONT000735,Burning Genesis Unleashed,Documentary,2005-04-23,Hindi,235,4.3,Prithvi Productions
CONT000736,Emerald Destiny Reloaded,Kids,2005-11-15,Telugu,171,7.4,Studio Canal
CONT000737,Endless Chronicles Returns,Action,2013-04-16,English,157,5.0,Lyca Productions
CONT000738,Whispering Alliance Part II,Drama,2002-03-06,Hindi,133,1.4,Toei Animation
CONT000739,Restless Symphony The Beginning,Comedy,2013-05-30,English,154,7.3,Lionsgate
CONT000740,Fallen Genesis Unleashed,Kids,2013-06-17,French,173,4.4,AVM Productions
CONT000741,Endless Rebellion,Sci-Fi,2014-06-07,French,225,7.4,Mythri Movie Makers
CONT000742,Wild Echoes,Thriller,2004-11-29,English,226,5.0,Vyjayanthi Movies
CONT000743,Silver Alliance Reloaded,Romance,2023-04-17,Kannada,168,2.3,Studio Ghibli
CONT000744,Savage Vendetta Unleashed,Action,2018-09-02,Hindi,68,6.5,Netflix Originals Studio
CONT000745,Burning Heart,Comedy,2004-08-03,Hindi,163,3.7,Amazon Studios
CONT000746,Forgotten Warriors,Anime,2005-09-05,French,82,1.1,Sony Pictures
CONT000747,Forgotten Dreams,Romance,2023-03-22,Hindi,95,3.6,AVM Productions
CONT000748,Burning Requiem,Documentary,2018-04-24,Telugu,212,1.5,20th Century Studios
CONT000749,Crimson Path The Beginning,Sci-Fi,2012-06-17,French,134,2.7,AVM Productions
CONT000750,Shadow Voyage,Anime,2013-06-01,Telugu,223,6.8,Paramount Pictures
CONT000751,Rising Requiem,Sci-Fi,2018-06-29,Telugu,212,9.8,Prithvi Productions
CONT000752,Final Path,Thriller,2009-02-24,Kannada,200,6.8,Toho Studios
CONT000753,Restless Fury Origins,Drama,2016-03-01,Telugu,236,6.5,Dharma Productions
CONT000754,Wild Heart The Beginning,Comedy,2013-06-22,Hindi,107,5.3,MGM Studios
CONT000755,Whispering Frontier,Sci-Fi,2017-08-02,Spanish,235,4.8,Geetha Arts
CONT000756,Burning Storm,Sci-Fi,2017-07-08,Kannada,191,8.0,Legendary Pictures
CONT000757,Final Frontier,Documentary,2007-09-26,Japanese,128,9.0,Hombale Films
CONT000758,Emerald Empire,Anime,2008-04-01,Kannada,103,1.8,Prithvi Productions
CONT000759,Burning Echoes Origins,Comedy,2023-07-14,Kannada,96,7.5,T-Series Films
CONT000760,Radiant Voyage,Thriller,2009-03-28,Spanish,63,9.5,T-Series Films
CONT000761,Wild Mirage Reloaded,Sports,2011-05-07,Tamil,66,6.3,Hombale Films
CONT000762,Whispering Dreams Origins,Sci-Fi,2002-08-16,Japanese,206,9.9,Prithvi Productions
CONT000763,Forgotten Legacy,Romance,2000-12-10,French,200,2.3,Mythri Movie Makers
CONT000764,Midnight Secrets,Sci-Fi,2004-01-14,Japanese,213,4.9,Dharma Productions
CONT000765,Lost Kingdom,Anime,2022-09-26,Hindi,69,4.0,Amazon Studios
CONT000766,Midnight Frontier Returns,Documentary,2019-12-25,French,178,5.2,A24
CONT000767,Lost Wonderland Unleashed,Drama,2005-01-31,Tamil,235,7.1,Amazon Studios
CONT000768,Eternal Chronicles Returns,Anime,2008-06-08,Japanese,174,5.3,Universal Studios
CONT000769,Ancient Vendetta Part II,Drama,2020-01-03,Hindi,77,5.1,Warner Bros Pictures
CONT000770,Radiant Horizon,Romance,2018-06-06,Tamil,146,3.7,KVN Productions
CONT000771,Fallen Storm Unleashed,Action,2014-06-28,English,215,8.1,AVM Productions
CONT000772,Shadow Warriors Part II,Sports,2021-12-22,French,155,8.5,A24
CONT000773,Wild Justice,Sports,2011-09-26,Spanish,218,9.6,KVN Productions
CONT000774,Restless Echoes,Comedy,2021-01-24,Telugu,71,6.5,AVM Productions
CONT000775,Electric Alliance Part II,Kids,2011-02-07,Japanese,207,5.2,20th Century Studios
CONT000776,Distant Kingdom,Documentary,2010-07-14,Spanish,204,8.2,Netflix Originals Studio
CONT000777,Silent Reckoning The Beginning,Action,2006-08-18,Japanese,239,1.5,Toho Studios
CONT000778,Final Warriors,Drama,2011-10-11,Tamil,157,8.5,Studio Canal
CONT000779,Silver Vendetta,Sci-Fi,2019-09-16,Spanish,148,2.4,Hombale Films
CONT000780,Broken Prophecy,Thriller,2016-08-17,English,195,3.4,KVN Productions
CONT000781,Silent Wonderland Part II,Sports,2024-07-28,Hindi,143,4.0,Sony Pictures
CONT000782,Frozen Reckoning Part II,Kids,2022-10-03,Kannada,184,8.4,Suresh Productions
CONT000783,Savage Warriors Origins,Comedy,2008-02-28,French,222,5.7,Toho Studios
CONT000784,Lost Vendetta Reloaded,Anime,2017-08-11,Kannada,233,6.1,Studio Ghibli
CONT000785,Broken Horizon,Anime,2006-10-26,Tamil,237,7.3,Netflix Originals Studio
CONT000786,Radiant Legacy Origins,Action,2013-09-28,Japanese,85,7.7,Real Star Productions
CONT000787,Forgotten Fury Part II,Comedy,2015-08-28,Spanish,106,2.5,Paramount Pictures
CONT000788,Endless Sanctuary The Beginning,Sports,2003-09-29,Kannada,123,5.1,Universal Studios
CONT000789,Radiant Path,Comedy,2001-05-24,Spanish,147,2.8,A24
CONT000790,Restless Path,Kids,2023-11-07,Japanese,239,8.7,Prithvi Productions
CONT000791,Wild Dreams Origins,Thriller,2005-04-05,Tamil,171,3.9,Toei Animation
CONT000792,Distant Wonderland Part II,Kids,2002-10-23,French,169,3.3,Studio Ghibli
CONT000793,Wild Legacy The Beginning,Drama,2022-12-05,Spanish,108,9.9,KVN Productions
CONT000794,Savage Storm,Anime,2016-11-14,Hindi,202,6.7,Studio Canal
CONT000795,Golden Wonderland,Drama,2013-10-20,Spanish,191,2.2,Lyca Productions
CONT000796,Iron Vendetta,Romance,2021-06-10,Kannada,104,9.3,MGM Studios
CONT000797,Whispering Prophecy The Beginning,Action,2012-04-26,French,155,8.9,Vyjayanthi Movies
CONT000798,Hidden Path,Kids,2018-06-10,Tamil,238,8.2,Studio Canal
CONT000799,Savage Frontier,Sports,2016-05-25,Spanish,87,3.0,Toei Animation
CONT000800,Fallen Frontier,Sports,2007-09-15,Tamil,220,6.3,Legendary Pictures
CONT000801,Fallen Empire Origins,Kids,2020-01-07,English,187,6.1,Dharma Productions
CONT000802,Electric Kingdom,Action,2015-07-06,Telugu,80,9.0,T-Series Films
CONT000803,Emerald Sanctuary Unleashed,Sports,2023-11-27,Hindi,70,7.6,Yash Raj Films
CONT000804,Forgotten Requiem,Comedy,2006-05-09,Japanese,227,4.9,20th Century Studios
CONT000805,Silent Dreams,Action,2018-01-29,Telugu,155,5.0,T-Series Films
CONT000806,Midnight Symphony,Drama,2020-05-01,Japanese,94,6.4,MGM Studios
CONT000807,Restless Storm,Comedy,2008-07-20,Telugu,152,7.0,Legendary Pictures
CONT000808,Final Destiny,Documentary,2015-01-01,Spanish,119,6.6,Lyca Productions
CONT000809,Burning Secrets,Sports,2003-09-21,English,207,8.9,Warner Bros Pictures
CONT000810,Ancient Sanctuary,Kids,2009-05-04,Spanish,226,6.0,Gaumont Film Company
CONT000811,Hidden Throne,Kids,2009-10-13,Japanese,180,8.0,Amazon Studios
CONT000812,Electric Prophecy Unleashed,Kids,2008-03-30,Tamil,139,4.6,Warner Bros Pictures
CONT000813,Crimson Voyage,Sci-Fi,2025-11-28,Kannada,104,4.7,Toei Animation
CONT000814,Eternal Legacy,Documentary,2018-07-19,Telugu,224,9.0,Prithvi Productions
CONT000815,Rising Sanctuary,Documentary,2015-05-31,Telugu,228,9.5,Studio Canal
CONT000816,Lost Sanctuary Returns,Thriller,2015-05-08,English,225,3.8,Warner Bros Pictures
CONT000817,Ancient Secrets,Documentary,2008-01-23,Spanish,124,1.8,Real Star Productions
CONT000818,Iron Throne,Documentary,2023-03-16,English,147,4.8,Lionsgate
CONT000819,Emerald Throne,Drama,2010-12-15,Telugu,215,7.2,T-Series Films
CONT000820,Forgotten Throne,Kids,2016-10-01,English,109,7.0,T-Series Films
CONT000821,Hidden Kingdom,Action,2003-11-02,Telugu,149,2.1,Sony Pictures
CONT000822,Restless Destiny Unleashed,Drama,2016-11-12,Kannada,137,3.0,Gaumont Film Company
CONT000823,Lost Throne Returns,Anime,2017-11-07,Tamil,148,1.2,KVN Productions
CONT000824,Savage Throne Unleashed,Documentary,2005-04-07,French,117,6.4,20th Century Studios
CONT000825,Lost Horizon Unleashed,Anime,2016-03-23,Hindi,165,1.9,Legendary Pictures
CONT000826,Rising Vendetta,Action,2008-05-30,French,105,1.7,Vyjayanthi Movies
CONT000827,Electric Dreams,Action,2005-09-02,English,194,9.3,Hombale Films
CONT000828,Distant Frontier,Thriller,2001-04-23,Spanish,204,3.4,Universal Studios
CONT000829,Midnight Horizon,Sci-Fi,2009-05-31,Tamil,97,1.3,MGM Studios
CONT000830,Electric Frontier,Drama,2021-10-31,Spanish,152,9.5,Warner Bros Pictures
CONT000831,Fallen Path,Documentary,2004-09-06,French,209,8.6,Studio Canal
CONT000832,Eternal Throne,Drama,2006-07-06,Spanish,93,5.5,Real Star Productions
CONT000833,Fallen Odyssey Reloaded,Comedy,2020-08-15,Japanese,205,1.9,Vyjayanthi Movies
CONT000834,Whispering Fury,Documentary,2009-08-26,Kannada,64,1.8,T-Series Films
CONT000835,Broken Kingdom Returns,Kids,2009-06-18,Spanish,137,7.8,MGM Studios
CONT000836,Forgotten Chronicles,Comedy,2009-06-05,French,87,2.1,Studio Canal
CONT000837,Silver Echoes,Drama,2002-02-18,Telugu,210,1.1,A24
CONT000838,Silver Path,Drama,2014-10-15,Spanish,220,4.8,AVM Productions
CONT000839,Final Fury,Documentary,2017-07-18,Kannada,169,3.4,Toei Animation
CONT000840,Distant Dreams,Anime,2005-02-11,Spanish,186,5.0,A24
CONT000841,Shadow Horizon,Thriller,2020-11-13,Japanese,74,9.2,T-Series Films
CONT000842,Forgotten Frontier Origins,Kids,2019-12-06,Spanish,89,3.1,Toho Studios
CONT000843,Restless Prophecy,Anime,2005-02-16,Japanese,211,8.4,Amazon Studios
CONT000844,Velvet Mirage,Drama,2002-09-18,Spanish,115,1.6,Toho Studios
CONT000845,Silver Alliance The Beginning,Romance,2000-05-08,Spanish,164,3.2,Real Star Productions
CONT000846,Velvet Requiem,Romance,2010-04-08,French,147,3.0,Prithvi Productions
CONT000847,Forgotten Prophecy The Beginning,Documentary,2014-10-31,Hindi,143,8.8,Warner Bros Pictures
CONT000848,Crimson Odyssey,Romance,2007-11-10,Japanese,68,5.0,Lyca Productions
CONT000849,Frozen Chronicles Origins,Documentary,2006-09-04,Telugu,125,9.2,Netflix Originals Studio
CONT000850,Midnight Heart,Drama,2013-02-24,Telugu,239,4.9,Real Star Productions
CONT000851,Distant Symphony,Kids,2005-11-27,Tamil,145,2.6,Suresh Productions
CONT000852,Emerald Storm Origins,Action,2019-02-01,Telugu,105,9.8,Marvel Studios
CONT000853,Lost Frontier Origins,Drama,2005-10-06,Japanese,238,8.4,Marvel Studios
CONT000854,Whispering Alliance Reloaded,Anime,2024-05-16,Telugu,60,7.1,Studio Canal
CONT000855,Fallen Symphony Origins,Comedy,2009-06-29,Hindi,135,6.0,Lyca Productions
CONT000856,Silent Reckoning,Romance,2005-02-02,English,65,2.5,Studio Ghibli
CONT000857,Radiant Echoes The Beginning,Romance,2019-04-11,Tamil,121,5.4,Legendary Pictures
CONT000858,Silver Mirage,Action,2013-09-10,Telugu,90,4.6,Gaumont Film Company
CONT000859,Rising Reckoning Reloaded,Romance,2014-07-13,Telugu,130,3.5,Paramount Pictures
CONT000860,Final Sanctuary Unleashed,Sports,2015-09-12,Kannada,227,4.9,Real Star Productions
CONT000861,Radiant Destiny,Documentary,2022-11-27,Telugu,105,6.2,Prithvi Productions
CONT000862,Crimson Fury Reloaded,Anime,2023-01-18,French,94,6.0,Studio Canal
CONT000863,Forgotten Horizon Part II,Drama,2005-10-11,Telugu,135,8.4,Vyjayanthi Movies
CONT000864,Broken Mirage,Drama,2024-05-02,Telugu,141,2.6,Hombale Films
CONT000865,Broken Heart,Drama,2013-08-04,Spanish,94,6.0,Legendary Pictures
CONT000866,Final Storm,Comedy,2023-09-28,Japanese,215,9.4,Vyjayanthi Movies
CONT000867,Scarlet Wonderland Unleashed,Documentary,2025-09-06,Hindi,205,3.3,20th Century Studios
CONT000868,Radiant Path Part II,Comedy,2008-01-29,Spanish,126,3.9,Sony Pictures
CONT000869,Scarlet Sanctuary Part II,Anime,2015-08-02,Japanese,226,2.4,Suresh Productions
CONT000870,Velvet Echoes Origins,Action,2015-11-05,Spanish,235,8.8,Gaumont Film Company
CONT000871,Iron Odyssey Part II,Thriller,2003-10-19,Tamil,228,9.7,Universal Studios
CONT000872,Rising Fury,Drama,2018-05-27,Hindi,94,9.3,20th Century Studios
CONT000873,Forgotten Reckoning Reloaded,Action,2010-02-09,English,120,7.8,Real Star Productions
CONT000874,Silver Horizon Unleashed,Romance,2017-11-07,French,131,1.0,Suresh Productions
CONT000875,Electric Alliance,Romance,2023-09-26,Japanese,226,1.1,Prithvi Productions
CONT000876,Radiant Fury Origins,Kids,2017-11-05,Japanese,205,9.9,MGM Studios
CONT000877,Emerald Kingdom,Kids,2003-06-04,Hindi,205,4.6,T-Series Films
CONT000878,Midnight Destiny,Comedy,2019-12-13,French,208,3.8,Lionsgate
CONT000879,Frozen Secrets,Sci-Fi,2019-04-30,Hindi,165,2.1,Geetha Arts
CONT000880,Velvet Horizon,Sci-Fi,2010-09-13,Tamil,121,3.0,Warner Bros Pictures
CONT000881,Wild Odyssey Part II,Documentary,2018-10-10,Telugu,232,8.1,Mythri Movie Makers
CONT000882,Distant Requiem The Beginning,Romance,2007-08-15,French,176,5.2,Toei Animation
CONT000883,Wild Kingdom Unleashed,Anime,2008-05-07,English,185,8.8,T-Series Films
CONT000884,Distant Legacy,Romance,2015-11-06,Japanese,159,6.4,20th Century Studios
CONT000885,Endless Reckoning,Thriller,2006-05-18,Kannada,65,6.3,Suresh Productions
CONT000886,Radiant Dreams,Anime,2009-11-09,Hindi,60,4.4,AVM Productions
CONT000887,Frozen Odyssey,Thriller,2023-12-30,English,79,9.5,Studio Ghibli
CONT000888,Velvet Fury,Comedy,2025-11-27,Spanish,207,3.3,Suresh Productions
CONT000889,Shadow Voyage Origins,Action,2002-08-20,Tamil,201,7.4,MGM Studios
CONT000890,Midnight Secrets Part II,Kids,2020-02-27,Tamil,105,9.3,Legendary Pictures
CONT000891,Radiant Vendetta Part II,Documentary,2024-02-03,English,97,8.2,Suresh Productions
CONT000892,Iron Empire Returns,Romance,2013-04-10,Spanish,109,1.0,Paramount Pictures
CONT000893,Burning Prophecy,Drama,2000-03-26,English,213,8.6,Lyca Productions
CONT000894,Final Rebellion,Kids,2009-05-22,Hindi,223,7.3,20th Century Studios
CONT000895,Final Rebellion Unleashed,Comedy,2014-07-19,Spanish,140,10.0,Real Star Productions
CONT000896,Velvet Symphony,Kids,2008-04-08,Hindi,233,6.6,Hombale Films
CONT000897,Frozen Wonderland,Comedy,2010-10-14,Japanese,92,1.8,Netflix Originals Studio
CONT000898,Emerald Storm,Romance,2018-12-27,French,107,9.4,Toei Animation
CONT000899,Frozen Legacy,Documentary,2007-03-02,Japanese,155,3.0,MGM Studios
CONT000900,Forgotten Requiem Returns,Sports,2022-08-03,French,171,5.8,Toho Studios
CONT000901,Radiant Horizon Origins,Anime,2002-12-05,Hindi,138,2.1,Yash Raj Films
CONT000902,Scarlet Heart,Kids,2000-01-25,Spanish,78,6.2,Marvel Studios
CONT000903,Fallen Chronicles Unleashed,Drama,2009-01-27,Japanese,165,3.9,Dharma Productions
CONT000904,Frozen Wonderland Part II,Sci-Fi,2014-05-21,English,69,7.0,Warner Bros Pictures
CONT000905,Distant Reckoning,Comedy,2001-02-06,Spanish,194,8.5,Studio Canal
CONT000906,Iron Secrets,Action,2020-04-01,Kannada,210,1.3,Suresh Productions
CONT000907,Forgotten Frontier,Kids,2014-01-10,Telugu,196,5.2,Toei Animation
CONT000908,Savage Heart,Action,2023-07-08,Spanish,88,8.1,KVN Productions
CONT000909,Restless Genesis Part II,Sports,2004-03-01,Tamil,161,8.7,20th Century Studios
CONT000910,Final Symphony,Anime,2017-07-22,English,148,4.9,Sony Pictures
CONT000911,Silver Chronicles,Sports,2009-03-29,French,239,9.4,T-Series Films
CONT000912,Golden Dreams Origins,Documentary,2005-07-13,French,72,8.8,Paramount Pictures
CONT000913,Scarlet Reckoning,Sci-Fi,2001-08-25,Kannada,218,5.8,Lionsgate
CONT000914,Midnight Secrets Origins,Kids,2007-09-20,French,127,9.7,Hombale Films
CONT000915,Frozen Rebellion,Romance,2024-10-14,Japanese,226,1.0,Legendary Pictures
CONT000916,Restless Requiem Part II,Sci-Fi,2005-11-16,English,101,5.4,Warner Bros Pictures
CONT000917,Radiant Empire Origins,Anime,2014-08-28,Japanese,97,1.2,Suresh Productions
CONT000918,Emerald Genesis Unleashed,Kids,2025-03-05,Hindi,61,3.9,Lionsgate
CONT000919,Frozen Frontier Unleashed,Romance,2016-12-14,Hindi,228,1.1,Suresh Productions
CONT000920,Whispering Symphony Origins,Drama,2006-05-16,Tamil,186,5.8,Yash Raj Films
CONT000921,Savage Empire,Comedy,2009-10-28,Hindi,211,9.4,Warner Bros Pictures
CONT000922,Shadow Frontier Unleashed,Romance,2003-08-09,Hindi,154,3.2,A24
CONT000923,Sacred Requiem,Sports,2025-02-19,Kannada,234,5.8,Amazon Studios
CONT000924,Iron Wonderland Returns,Sci-Fi,2003-03-26,French,169,4.7,Studio Ghibli
CONT000925,Scarlet Voyage,Sports,2011-11-02,French,238,9.5,Hombale Films
CONT000926,Ancient Throne Origins,Thriller,2004-09-20,French,183,1.7,Prithvi Productions
CONT000927,Sacred Throne,Documentary,2015-03-06,Spanish,218,2.2,Warner Bros Pictures
CONT000928,Ancient Fury Origins,Thriller,2006-09-28,Japanese,141,3.9,AVM Productions
CONT000929,Shadow Horizon Reloaded,Anime,2010-02-01,Spanish,144,4.5,A24
CONT000930,Iron Justice,Action,2010-07-30,Japanese,236,1.3,Sony Pictures
CONT000931,Broken Throne,Documentary,2005-03-08,Tamil,180,8.2,Paramount Pictures
CONT000932,Velvet Odyssey,Comedy,2004-07-04,Japanese,186,8.3,KVN Productions
CONT000933,Sacred Odyssey,Kids,2005-09-01,English,101,7.3,Dharma Productions
CONT000934,Burning Throne,Drama,2010-01-26,French,128,5.2,20th Century Studios
CONT000935,Scarlet Requiem Unleashed,Thriller,2004-10-07,Telugu,212,8.7,Studio Ghibli
CONT000936,Ancient Horizon,Romance,2020-08-23,Kannada,180,1.1,Dharma Productions
CONT000937,Silent Wonderland,Kids,2003-02-03,Tamil,159,3.3,Sony Pictures
CONT000938,Savage Legacy Unleashed,Sci-Fi,2020-03-22,Kannada,86,3.8,Lyca Productions
CONT000939,Whispering Storm,Drama,2006-11-15,Telugu,163,1.1,Lionsgate
CONT000940,Emerald Legacy Part II,Sports,2007-03-10,Tamil,86,3.0,Universal Studios
CONT000941,Whispering Secrets The Beginning,Action,2023-02-20,Kannada,198,5.6,KVN Productions
CONT000942,Velvet Dreams Part II,Anime,2002-05-08,Tamil,127,6.4,Legendary Pictures
CONT000943,Hidden Chronicles,Action,2006-01-06,English,62,1.7,Yash Raj Films
CONT000944,Midnight Justice Part II,Comedy,2015-02-01,Tamil,203,9.8,Suresh Productions
CONT000945,Shadow Symphony,Romance,2018-11-25,English,89,1.9,Yash Raj Films
CONT000946,Ancient Kingdom Part II,Thriller,2011-04-03,Spanish,199,4.6,KVN Productions
CONT000947,Silent Justice,Comedy,2025-05-13,French,74,4.3,AVM Productions
CONT000948,Burning Throne Reloaded,Action,2022-10-08,Telugu,140,5.8,KVN Productions
CONT000949,Ancient Dreams Origins,Drama,2022-11-17,English,196,8.8,Mythri Movie Makers
CONT000950,Sacred Empire Origins,Anime,2011-02-15,Telugu,78,6.3,Lionsgate
CONT000951,Broken Storm,Comedy,2020-08-21,Hindi,89,3.0,Studio Ghibli
CONT000952,Ancient Justice,Kids,2024-11-13,Spanish,180,1.2,Geetha Arts
CONT000953,Golden Alliance Unleashed,Kids,2016-01-15,Tamil,101,1.8,Warner Bros Pictures
CONT000954,Sacred Reckoning,Comedy,2022-06-12,English,69,4.4,Marvel Studios
CONT000955,Silent Secrets Part II,Documentary,2007-05-19,Tamil,240,8.6,Vyjayanthi Movies
CONT000956,Golden Odyssey,Sports,2015-04-25,Kannada,106,8.8,Amazon Studios
CONT000957,Radiant Sanctuary,Comedy,2025-11-01,Japanese,106,7.8,Real Star Productions
CONT000958,Silent Genesis,Sci-Fi,2006-05-22,Hindi,79,8.1,A24
CONT000959,Midnight Frontier Reloaded,Kids,2025-04-16,Telugu,167,3.8,Legendary Pictures
CONT000960,Final Symphony Returns,Anime,2016-12-30,Hindi,129,5.3,Universal Studios
CONT000961,Rising Legacy Returns,Drama,2014-05-21,English,240,9.6,AVM Productions
CONT000962,Whispering Justice The Beginning,Kids,2005-10-12,Telugu,134,8.7,A24
CONT000963,Iron Throne Unleashed,Action,2015-10-08,Spanish,70,3.3,Marvel Studios
CONT000964,Endless Dreams,Drama,2021-12-07,Tamil,132,4.9,20th Century Studios
CONT000965,Scarlet Destiny Unleashed,Sci-Fi,2011-06-02,English,165,4.3,Legendary Pictures
CONT000966,Electric Odyssey,Documentary,2022-11-25,French,77,1.5,Paramount Pictures
CONT000967,Emerald Frontier Reloaded,Action,2015-04-18,English,219,9.1,Lyca Productions
CONT000968,Midnight Alliance,Comedy,2004-06-07,Japanese,134,1.7,Marvel Studios
CONT000969,Distant Prophecy The Beginning,Sci-Fi,2017-06-12,Spanish,139,6.5,Marvel Studios
CONT000970,Frozen Empire Unleashed,Romance,2003-05-02,French,79,2.7,Studio Canal
CONT000971,Sacred Echoes,Action,2008-09-30,Tamil,75,3.9,Marvel Studios
CONT000972,Scarlet Echoes Origins,Drama,2015-11-13,Tamil,200,5.2,Vyjayanthi Movies
CONT000973,Frozen Symphony,Comedy,2014-08-06,French,111,3.6,Legendary Pictures
CONT000974,Silent Kingdom Origins,Comedy,2025-12-12,Kannada,151,9.9,Geetha Arts
CONT000975,Ancient Genesis,Kids,2024-10-20,Telugu,227,5.7,KVN Productions
CONT000976,Eternal Chronicles Unleashed,Comedy,2018-03-21,Spanish,71,1.5,Real Star Productions
CONT000977,Velvet Kingdom,Documentary,2006-07-21,Telugu,188,4.8,Gaumont Film Company
CONT000978,Radiant Odyssey Unleashed,Sci-Fi,2005-12-11,Japanese,109,7.5,Universal Studios
CONT000979,Endless Path Unleashed,Documentary,2005-05-26,Telugu,231,5.4,MGM Studios
CONT000980,Velvet Empire Returns,Romance,2024-12-27,Japanese,217,6.9,AVM Productions
CONT000981,Fallen Dreams Returns,Drama,2015-09-02,Kannada,216,2.7,Netflix Originals Studio
CONT000982,Silver Empire Reloaded,Sci-Fi,2008-03-16,French,96,7.3,Studio Canal
CONT000983,Burning Sanctuary Part II,Kids,2019-03-25,French,83,8.6,KVN Productions
CONT000984,Endless Secrets Part II,Comedy,2017-12-04,Hindi,155,3.8,Marvel Studios
CONT000985,Midnight Warriors Reloaded,Comedy,2022-11-06,Tamil,155,9.7,Vyjayanthi Movies
CONT000986,Iron Symphony,Action,2005-10-24,Tamil,155,8.9,Lionsgate
CONT000987,Hidden Legacy Returns,Romance,2013-03-09,Telugu,70,8.5,Dharma Productions
CONT000988,Forgotten Destiny Origins,Action,2003-08-03,Kannada,184,9.4,Gaumont Film Company
CONT000989,Forgotten Destiny Reloaded,Documentary,2013-09-14,Tamil,72,3.1,MGM Studios
CONT000990,Crimson Echoes,Sports,2024-12-27,English,167,7.2,Legendary Pictures
CONT000991,Endless Alliance The Beginning,Sci-Fi,2024-03-25,English,94,7.6,Yash Raj Films
CONT000992,Burning Echoes Part II,Drama,2009-12-26,Hindi,203,6.9,Marvel Studios
CONT000993,Broken Warriors,Kids,2001-11-19,Tamil,181,1.7,20th Century Studios
CONT000994,Wild Mirage Unleashed,Kids,2009-10-29,English,239,5.1,Mythri Movie Makers
CONT000995,Rising Heart,Sports,2016-07-22,Tamil,126,5.4,Universal Studios
CONT000996,Iron Wonderland,Sports,2024-03-15,Tamil,68,9.8,T-Series Films
CONT000997,Iron Alliance Reloaded,Comedy,2001-08-27,Tamil,83,2.2,Gaumont Film Company
CONT000998,Restless Alliance Origins,Documentary,2004-12-18,Spanish,178,2.7,Yash Raj Films
CONT000999,Velvet Reckoning The Beginning,Kids,2004-03-14,French,150,4.4,Lionsgate
CONT001000,Radiant Throne Origins,Romance,2023-01-24,Tamil,174,4.7,Suresh Productions
